episode,steps,X,Y,yaw,steer,throttle,action,reward,done,all_wheels_on_track,progress,closest_waypoint,track_len,tstamp,episode_status,pause_duration
320,1.0,-7.164712117397944,0.8620735557640471,-94.966179845822,-30.0,0.5,[-30.0, 0.5],0.0,False,True,0.32359911872670183,0,43.31233099315103,9524.557,prepare,0.0
320,2.0,-7.164539554382186,0.8622175151481344,-94.95326493709497,-30.0,0.5,[-30.0, 0.5],2.83421827706397,False,True,0.32323358450077,0,43.31233099315103,9524.614,in_progress,0.0
320,3.0,-7.1688059285093715,0.8564616113989102,-95.86230061217282,-30.0,0.5,[-30.0, 0.5],2.828559945488625,False,True,0.3373237525211537,0,43.31233099315103,9524.725,in_progress,0.0
320,4.0,-7.189880415650518,0.8393162004083108,-100.77300246399429,-30.0,0.5,[-30.0, 0.5],2.7963390086643303,False,True,0.38096263694469384,1,43.31233099315103,9524.782,in_progress,0.0
320,5.0,-7.210201387694063,0.8210346616853821,-104.85001489746708,-30.0,0.5,[-30.0, 0.5],3.0817199191144855,False,True,0.42706461659709716,1,43.31233099315103,9524.84,in_progress,0.0
320,6.0,-7.2333856323302586,0.7960091417990535,-108.60314752958782,-30.0,0.5,[-30.0, 0.5],2.732821717361536,False,True,0.48924982072668527,1,43.31233099315103,9524.892,in_progress,0.0
320,7.0,-7.258980664149871,0.7712132046836616,-112.51365846409144,-30.0,0.5,[-30.0, 0.5],2.695195587225732,False,True,0.5513875315539745,1,43.31233099315103,9524.963,in_progress,0.0
320,8.0,-7.287537926964653,0.7466319496495543,-116.58530008561343,-30.0,0.5,[-30.0, 0.5],2.6520488807968485,False,True,0.6136219538113611,1,43.31233099315103,9525.01,in_progress,0.0
320,9.0,-7.32154666255932,0.722262064687731,-121.11042226881708,-30.0,0.5,[-30.0, 0.5],2.598812740077637,False,True,0.6764569361250486,1,43.31233099315103,9525.112,in_progress,0.0
320,10.0,-7.35738594150319,0.6991808993908369,-125.45665068784429,-30.0,0.5,[-30.0, 0.5],2.539766299393101,False,True,0.7195887078061074,1,43.31233099315103,9525.142,in_progress,0.0
320,11.0,-7.384677195930619,0.6816836624550109,-128.38366134244248,-30.0,0.5,[-30.0, 0.5],2.493953840429225,False,True,0.7627752076188958,1,43.31233099315103,9525.23,in_progress,0.0
320,12.0,-7.42197988612696,0.663935754637165,-132.53651113157142,-30.0,0.5,[-30.0, 0.5],0.001,False,True,0.807577814588861,1,43.31233099315103,9525.298,in_progress,0.0
320,13.0,-7.449047397889586,0.6541621592027053,-135.71736547783217,-30.0,0.5,[-30.0, 0.5],0.001,False,True,0.8329266745131603,1,43.31233099315103,9525.353,in_progress,0.0
320,14.0,-7.485387494360016,0.6428946510722069,-139.86751055416678,-30.0,0.5,[-30.0, 0.5],0.001,False,True,0.8626825563264313,1,43.31233099315103,9525.428,in_progress,0.0
320,15.0,-7.528525888913937,0.6342893189435408,-144.90664389984016,-30.0,0.5,[-30.0, 0.5],0.001,False,True,0.8870029919909959,1,43.31233099315103,9525.506,in_progress,0.0
320,16.0,-7.567863971566832,0.6295351101179472,-149.27448823227286,-30.0,0.5,[-30.0, 0.5],0.001,False,True,0.9020468807937734,1,43.31233099315103,9525.561,in_progress,0.0
320,17.0,-7.608922618775333,0.6217144159214669,-152.61260477744028,-30.0,0.5,[-30.0, 0.5],0.001,False,True,0.9243419443188347,1,43.31233099315103,9525.618,in_progress,0.0
320,18.0,-7.643761168388695,0.6138910153625126,-154.73510094796526,-30.0,0.5,[-30.0, 0.5],0.001,False,True,0.9459983791832773,1,43.31233099315103,9525.688,in_progress,0.0
320,19.0,-7.6763817547008255,0.612971906645448,-157.7550484916235,-30.0,0.5,[-30.0, 0.5],0.001,False,True,0.9515002382027795,1,43.31233099315103,9525.777,in_progress,0.0
320,20.0,-7.722641452862106,0.6175270840938569,-162.60404185607374,-30.0,0.5,[-30.0, 0.5],0.001,False,True,0.945789792246057,1,43.31233099315103,9525.826,in_progress,0.0
320,21.0,-7.757848998578639,0.6229479639207935,-166.37692961773465,-30.0,0.5,[-30.0, 0.5],0.001,False,False,0.9369367831291805,1,43.31233099315103,9525.89,in_progress,0.0
320,22.0,-7.796352064040793,0.6333463356738089,-170.92979063303778,-30.0,0.5,[-30.0, 0.5],0.001,False,False,0.9169449406093034,1,43.31233099315103,9525.948,in_progress,0.0
320,23.0,-7.8311167919293085,0.6441572879515622,-174.77920027087296,-30.0,0.5,[-30.0, 0.5],0.001,False,False,0.8956139148830142,1,43.31233099315103,9526.01,in_progress,0.0
320,24.0,-7.87113801499006,0.6542505021635167,-177.99754855348232,-30.0,0.5,[-30.0, 0.5],0.001,False,False,0.8764833083956647,1,43.31233099315103,9526.08,in_progress,0.0
320,25.0,-7.902250629396375,0.6631166667751937,179.64949995870614,-30.0,0.5,[-30.0, 0.5],0.001,False,False,0.8592592670496915,1,43.31233099315103,9526.151,in_progress,0.0
320,26.0,-7.93673402072615,0.6808938572044395,175.5065590311172,-30.0,0.5,[-30.0, 0.5],0.001,False,False,0.8218315678734986,1,43.31233099315103,9526.226,in_progress,0.0
320,27.0,-7.973979886976702,0.705028432057725,170.5202025832898,-30.0,0.5,[-30.0, 0.5],0.001,True,False,0.770027073903358,1,43.31233099315103,9526.299,off_track,0.0
321,1.0,-7.163129052781732,-1.3019085633850715,-87.36861303937783,-30.0,0.5,[-30.0, 0.5],0.0,False,True,0.3231415176594178,8,43.31233099315103,9526.437,prepare,0.0
321,2.0,-7.163093741270523,-1.3019468668605927,-87.3822043143949,-30.0,0.5,[-30.0, 0.5],3.344863289310352,False,True,0.32323358450077055,8,43.31233099315103,9526.487,in_progress,0.0
321,3.0,-7.165966505573239,-1.307974975075146,-88.12032996755536,-30.0,0.5,[-30.0, 0.5],3.337846808616371,False,True,0.3368338891487632,8,43.31233099315103,9526.551,in_progress,0.0
321,4.0,-7.170413568881415,-1.3202932359333082,-89.34982080066675,-30.0,0.5,[-30.0, 0.5],3.3261474176364003,False,True,0.3647758026023448,8,43.31233099315103,9526.622,in_progress,0.0
321,5.0,-7.180073034741082,-1.33933137387454,-91.75011516727244,-30.0,0.5,[-30.0, 0.5],3.302900060323629,False,True,0.40766680069910455,8,43.31233099315103,9526.683,in_progress,0.0
321,6.0,-7.2020111808296985,-1.3782654238892782,-96.60177386898432,-30.0,0.5,[-30.0, 0.5],3.2513085575406624,False,True,0.4951509701820317,8,43.31233099315103,9526.765,in_progress,0.0
321,7.0,-7.223432849598489,-1.4114049823046182,-100.79857682297624,-30.0,0.5,[-30.0, 0.5],3.2007183486387625,False,True,0.565028592850958,8,43.31233099315103,9526.841,in_progress,0.0
321,8.0,-7.244761860174934,-1.442820933135561,-104.35916348440223,-30.0,0.5,[-30.0, 0.5],3.149608045131708,False,True,0.6337131058811549,8,43.31233099315103,9526.887,in_progress,0.0
321,9.0,-7.2679015447154045,-1.4720121821061545,-107.9185234125025,-30.0,0.5,[-30.0, 0.5],3.0960241272269426,False,True,0.6969655092309325,8,43.31233099315103,9526.981,in_progress,0.0
321,10.0,-7.2950745372200965,-1.5026857637447182,-111.84949061183579,-30.0,0.5,[-30.0, 0.5],0.001,False,True,0.7629408033038166,8,43.31233099315103,9527.019,in_progress,0.0
321,11.0,-7.3189942389394576,-1.5260994494146094,-115.02260088702859,-30.0,0.5,[-30.0, 0.5],0.001,False,True,0.8127571195119282,8,43.31233099315103,9527.11,in_progress,0.0
321,12.0,-7.351034793116172,-1.551554404497764,-119.31376623645617,-30.0,0.5,[-30.0, 0.5],0.001,False,True,0.8658838527156681,8,43.31233099315103,9527.158,in_progress,0.0
321,13.0,-7.384098798857121,-1.572133807878848,-123.8193855606493,-30.0,0.5,[-30.0, 0.5],0.001,False,True,0.9076096932711136,8,43.31233099315103,9527.219,in_progress,0.0
321,14.0,-7.421167036163356,-1.5925881873431404,-128.38274211369804,-30.0,0.5,[-30.0, 0.5],0.001,False,True,0.948362521867871,9,43.31233099315103,9527.282,in_progress,0.0
321,15.0,-7.455617097081168,-1.6097574791435576,-132.2360196891017,-30.0,0.5,[-30.0, 0.5],0.001,False,True,0.9819995465631226,9,43.31233099315103,9527.357,in_progress,0.0
321,16.0,-7.484516544865889,-1.6266666763728297,-134.63288196870982,-30.0,0.5,[-30.0, 0.5],0.001,False,True,1.0159874580183075,9,43.31233099315103,9527.412,in_progress,0.0
321,17.0,-7.517484905027883,-1.6430918184952288,-137.50463707470547,-30.0,0.5,[-30.0, 0.5],0.001,False,True,1.0481646344659485,9,43.31233099315103,9527.508,in_progress,0.0
321,18.0,-7.5526168365834465,-1.6540815518208736,-141.17188922272413,-30.0,0.5,[-30.0, 0.5],0.001,False,True,1.0674567868004574,9,43.31233099315103,9527.571,in_progress,0.0
321,19.0,-7.589189578304625,-1.660842133088257,-145.36816117410717,-30.0,0.5,[-30.0, 0.5],0.001,False,True,1.0767649445838592,9,43.31233099315103,9527.635,in_progress,0.0
321,20.0,-7.6327418937383635,-1.664137859670056,-150.60855923900994,-30.0,0.5,[-30.0, 0.5],0.001,False,True,1.0769011565043638,9,43.31233099315103,9527.704,in_progress,0.0
321,21.0,-7.6789428308470535,-1.6641427475071604,-155.9040579640401,-30.0,0.5,[-30.0, 0.5],0.001,False,True,1.0690071407260748,9,43.31233099315103,9527.761,in_progress,0.0
321,22.0,-7.7107458286030734,-1.6649485505377433,-158.84367300479806,-30.0,0.5,[-30.0, 0.5],0.001,False,False,1.0654207795768929,9,43.31233099315103,9527.827,in_progress,0.0
321,23.0,-7.747077825522586,-1.6697930280503768,-160.87561420251083,-30.0,0.5,[-30.0, 0.5],0.001,False,False,1.0703583737692397,9,43.31233099315103,9527.893,in_progress,0.0
321,24.0,-7.784641129780652,-1.6704917891067363,-163.6241684918114,-30.0,0.5,[-30.0, 0.5],0.001,False,False,1.0655399279796522,9,43.31233099315103,9527.963,in_progress,0.0
321,25.0,-7.820565248008217,-1.6652184454765009,-167.20121080846408,-30.0,0.5,[-30.0, 0.5],0.001,False,False,1.0472514116821623,9,43.31233099315103,9528.03,in_progress,0.0
321,26.0,-7.859074436517139,-1.6546520898077084,-171.66659118419315,-30.0,0.5,[-30.0, 0.5],0.001,False,False,1.0163336133289347,9,43.31233099315103,9528.11,in_progress,0.0
321,27.0,-7.8983078791768335,-1.6386536139130028,-176.77261317544122,-30.0,0.5,[-30.0, 0.5],0.001,False,False,0.9727846388718833,9,43.31233099315103,9528.148,in_progress,0.0
321,28.0,-7.935842813273147,-1.620561018448758,178.41584935631326,-30.0,0.5,[-30.0, 0.5],0.001,True,False,0.9247046586469659,9,43.31233099315103,9528.231,off_track,0.0
322,1.0,-6.470992000965435,-3.2628699201643467,-37.84560239055538,-30.0,0.5,[-30.0, 0.5],0.0,False,True,0.3231135158726056,15,43.31233099315103,9528.371,prepare,0.0
322,2.0,-6.470945486140278,-3.262894834290293,-37.925455212091215,-30.0,0.5,[-30.0, 0.5],2.721899054115081,False,True,0.32323358450077194,15,43.31233099315103,9528.425,in_progress,0.0
322,3.0,-6.468572197797938,-3.273736050177771,-39.71561390755182,-30.0,0.5,[-30.0, 0.5],2.7101858956262337,False,True,0.34294038489554035,15,43.31233099315103,9528.497,in_progress,0.0
322,4.0,-6.4612317576654394,-3.2950505758835416,-42.54409135200994,-30.0,0.5,[-30.0, 0.5],2.6906328405829987,False,True,0.3865558838827887,15,43.31233099315103,9528.57,in_progress,0.0
322,5.0,-6.4502820150541105,-3.3246211844243434,-45.90785161119503,-30.0,0.5,[-30.0, 0.5],2.6644105098074715,False,True,0.4409763133492797,15,43.31233099315103,9528.625,in_progress,0.0
322,6.0,-6.4406093606172625,-3.3569993060173586,-49.62086784760234,-30.0,0.5,[-30.0, 0.5],2.630959586838138,False,True,0.5002704327889531,15,43.31233099315103,9528.684,in_progress,0.0
322,7.0,-6.4333938192462705,-3.388859207304607,-53.21757051114367,-30.0,0.5,[-30.0, 0.5],2.5902941295731567,False,True,0.5541489679773054,15,43.31233099315103,9528.751,in_progress,0.0
322,8.0,-6.427203091797793,-3.418952997976525,-56.42022743593149,-30.0,0.5,[-30.0, 0.5],2.5511994421878197,False,True,0.6038286203783827,15,43.31233099315103,9528.83,in_progress,0.0
322,9.0,-6.423124331263009,-3.455969024076222,-60.45595051198773,-30.0,0.5,[-30.0, 0.5],2.499242182402547,False,True,0.6580757438845841,15,43.31233099315103,9528.886,in_progress,0.0
322,10.0,-6.421427552064593,-3.4944259674449154,-64.61913603023355,-30.0,0.5,[-30.0, 0.5],2.4424819130090327,False,True,0.7095053571962662,15,43.31233099315103,9528.959,in_progress,0.0
322,11.0,-6.424027750500942,-3.5370383591125667,-69.53795616562986,-30.0,0.5,[-30.0, 0.5],0.001,False,True,0.7578001454014688,15,43.31233099315103,9529.026,in_progress,0.0
322,12.0,-6.42963031326213,-3.575644700587238,-73.87712066062926,-30.0,0.5,[-30.0, 0.5],0.001,False,True,0.7952557089894743,16,43.31233099315103,9529.111,in_progress,0.0
322,13.0,-6.434346958611145,-3.6110497975201277,-77.27051053118105,-30.0,0.5,[-30.0, 0.5],0.001,False,True,0.8304228926965349,16,43.31233099315103,9529.149,in_progress,0.0
322,14.0,-6.4371118872778,-3.6468445615544525,-79.78664525442206,-30.0,0.5,[-30.0, 0.5],0.001,False,True,0.8698642544831812,16,43.31233099315103,9529.227,in_progress,0.0
322,15.0,-6.444889450733085,-3.6796623362194794,-82.92259823507969,-30.0,0.5,[-30.0, 0.5],0.001,False,True,0.8958544836261697,16,43.31233099315103,9529.289,in_progress,0.0
322,16.0,-6.457217018486051,-3.710669032156096,-86.50677508969247,-30.0,0.5,[-30.0, 0.5],0.001,False,True,0.9107505119529193,16,43.31233099315103,9529.356,in_progress,0.0
322,17.0,-6.47393251330673,-3.7486613223257996,-91.03246630592155,-30.0,0.5,[-30.0, 0.5],0.001,False,True,0.9258778531883005,16,43.31233099315103,9529.439,in_progress,0.0
322,18.0,-6.495978227355618,-3.7860738952295843,-96.09572882611812,-30.0,0.5,[-30.0, 0.5],0.001,False,True,0.9299386755523525,16,43.31233099315103,9529.482,in_progress,0.0
322,19.0,-6.5187419801202235,-3.819238851529839,-100.58064194851683,-30.0,0.5,[-30.0, 0.5],0.001,False,True,0.9272895927084648,16,43.31233099315103,9529.552,in_progress,0.0
322,20.0,-6.53784051036866,-3.8504284794210797,-103.68425077296935,-30.0,0.5,[-30.0, 0.5],0.001,False,True,0.9292786269448433,16,43.31233099315103,9529.641,in_progress,0.0
322,21.0,-6.554749985131936,-3.8818382350272405,-105.81577149652034,-30.0,0.5,[-30.0, 0.5],0.001,False,True,0.9357900694909355,16,43.31233099315103,9529.666,in_progress,0.0
322,22.0,-6.5782992837215835,-3.9091898931563667,-109.35482163057893,-30.0,0.5,[-30.0, 0.5],0.001,False,False,0.9243403009440834,16,43.31233099315103,9529.749,in_progress,0.0
322,23.0,-6.611031184200757,-3.9378712422847038,-114.3949169840859,-30.0,0.5,[-30.0, 0.5],0.001,False,False,0.8967402828837276,16,43.31233099315103,9529.813,in_progress,0.0
322,24.0,-6.6363140104062825,-3.9594866713283827,-117.78737120221366,-30.0,0.5,[-30.0, 0.5],0.001,False,False,0.8747471705869314,16,43.31233099315103,9529.893,in_progress,0.0
322,25.0,-6.6736580535627645,-3.983812594278301,-122.87539376788291,-30.0,0.5,[-30.0, 0.5],0.001,False,False,0.8327475594520684,16,43.31233099315103,9529.973,in_progress,0.0
322,26.0,-6.705022802683491,-4.001610692492639,-126.8692505576937,-30.0,0.5,[-30.0, 0.5],0.001,False,False,0.7941769645620433,16,43.31233099315103,9530.022,in_progress,0.0
322,27.0,-6.734737654594539,-4.0202867618298646,-129.86418710825342,-30.0,0.5,[-30.0, 0.5],0.001,True,False,0.7599062299577769,15,43.31233099315103,9530.104,off_track,0.0
323,1.0,-4.469967535059721,-4.045156525956885,-12.159329558289581,-30.0,0.5,[-30.0, 0.5],0.0,False,True,0.3232898303268672,22,43.31233099315103,9530.237,prepare,0.0
323,2.0,-4.470851335778447,-4.04453625565117,-12.069742339911869,-30.0,0.5,[-30.0, 0.5],2.4707805590627157,False,True,0.3212198788623277,22,43.31233099315103,9530.297,in_progress,0.0
323,3.0,-4.465030662922341,-4.049011055035632,-12.801232815752435,-30.0,0.5,[-30.0, 0.5],2.4635308087643706,False,True,0.33487125403010853,22,43.31233099315103,9530.365,in_progress,0.0
323,4.0,-4.457377700520853,-4.05414967940409,-13.58255979984402,-30.0,0.5,[-30.0, 0.5],2.453989335983233,False,True,0.3527840832929813,22,43.31233099315103,9530.423,in_progress,0.0
323,5.0,-4.439663125974967,-4.068903830567665,-15.999372782067642,-30.0,0.5,[-30.0, 0.5],2.426210571947731,False,True,0.39438521398361404,22,43.31233099315103,9530.503,in_progress,0.0
323,6.0,-4.415397398483346,-4.092581601486019,-19.882300640342546,-30.0,0.5,[-30.0, 0.5],2.3819351050402418,False,True,0.4515381054380929,22,43.31233099315103,9530.541,in_progress,0.0
323,7.0,-4.395704113764387,-4.1123814487858885,-22.8090748094568,-30.0,0.5,[-30.0, 0.5],2.3449604348731445,False,True,0.4979496623839841,22,43.31233099315103,9530.621,in_progress,0.0
323,8.0,-4.371214721535988,-4.1377338538914525,-26.039581137937077,-30.0,0.5,[-30.0, 0.5],2.29762886953543,False,True,0.5556994752157429,22,43.31233099315103,9530.681,in_progress,0.0
323,9.0,-4.347460387451269,-4.168657021564666,-30.11024052912595,-30.0,0.5,[-30.0, 0.5],2.2398347530509097,False,True,0.6120207800592969,22,43.31233099315103,9530.766,in_progress,0.0
323,10.0,-4.322049183140141,-4.208104544081478,-35.1888491772072,-30.0,0.5,[-30.0, 0.5],0.001,False,True,0.6725771032548206,23,43.31233099315103,9530.82,in_progress,0.0
323,11.0,-4.303544184952266,-4.239512642234102,-38.689258602754705,-30.0,0.5,[-30.0, 0.5],0.001,False,True,0.7168046673853817,23,43.31233099315103,9530.889,in_progress,0.0
323,12.0,-4.284181454144392,-4.276348537050574,-42.59429611771387,-30.0,0.5,[-30.0, 0.5],0.001,False,True,0.7632734932244034,23,43.31233099315103,9530.965,in_progress,0.0
323,13.0,-4.267367180156772,-4.308769356542225,-45.58843654525494,-30.0,0.5,[-30.0, 0.5],0.001,False,True,0.8036471059277323,23,43.31233099315103,9531.037,in_progress,0.0
323,14.0,-4.253479726155821,-4.343003472390912,-48.91133683707716,-30.0,0.5,[-30.0, 0.5],0.001,False,True,0.8373520238233928,23,43.31233099315103,9531.093,in_progress,0.0
323,15.0,-4.24502559071386,-4.374922910019265,-52.34756692507351,-30.0,0.5,[-30.0, 0.5],0.001,False,True,0.858403710350017,23,43.31233099315103,9531.176,in_progress,0.0
323,16.0,-4.238233370648916,-4.417125376376714,-57.18636002683575,-30.0,0.5,[-30.0, 0.5],0.001,False,True,0.8761143125063597,23,43.31233099315103,9531.222,in_progress,0.0
323,17.0,-4.234775089239633,-4.463806929253677,-62.462328133465014,-30.0,0.5,[-30.0, 0.5],0.001,False,True,0.8863448224911114,23,43.31233099315103,9531.292,in_progress,0.0
323,18.0,-4.234104031704511,-4.503838770310902,-66.70782778818761,-30.0,0.5,[-30.0, 0.5],0.001,False,True,0.8898213729086002,23,43.31233099315103,9531.361,in_progress,0.0
323,19.0,-4.231219050933519,-4.544809707040845,-69.8969892926129,-30.0,0.5,[-30.0, 0.5],0.001,False,True,0.8984535603168226,23,43.31233099315103,9531.425,in_progress,0.0
323,20.0,-4.228523299916506,-4.579586527866387,-72.1491058902708,-30.0,0.5,[-30.0, 0.5],0.001,False,True,0.9063506988733816,23,43.31233099315103,9531.501,in_progress,0.0
323,21.0,-4.230256673160324,-4.6170516377114295,-75.25456298926497,-30.0,0.5,[-30.0, 0.5],0.001,False,False,0.9041534909728449,23,43.31233099315103,9531.556,in_progress,0.0
323,22.0,-4.238331798634283,-4.653702666229977,-79.27730182514661,-30.0,0.5,[-30.0, 0.5],0.001,False,False,0.8872783600012674,23,43.31233099315103,9531.614,in_progress,0.0
323,23.0,-4.252245523578273,-4.69413269549721,-84.30808754465842,-30.0,0.5,[-30.0, 0.5],0.001,False,False,0.8571078960273038,23,43.31233099315103,9531.69,in_progress,0.0
323,24.0,-4.26920259992239,-4.733809517501013,-89.25204415347172,-30.0,0.5,[-30.0, 0.5],0.001,False,False,0.8198761689879847,23,43.31233099315103,9531.745,in_progress,0.0
323,25.0,-4.286704683174195,-4.770910570374004,-93.5270085772605,-30.0,0.5,[-30.0, 0.5],0.001,False,False,0.7812623736390495,23,43.31233099315103,9531.838,in_progress,0.0
323,26.0,-4.302571293187906,-4.8078230772032455,-96.72428685268686,-30.0,0.5,[-30.0, 0.5],0.001,True,False,0.7464146776401809,23,43.31233099315103,9531.894,off_track,0.0
324,1.0,-2.3775629856270903,-3.5631277336482268,21.940894907144404,-30.0,0.5,[-30.0, 0.5],0.0,False,True,0.3236533060857333,29,43.31233099315103,9532.019,prepare,0.0
324,2.0,-2.3778991159036558,-3.562926920371944,22.030500968298494,-30.0,0.5,[-30.0, 0.5],2.6010869465278246,False,True,0.32313282860709225,29,43.31233099315103,9532.083,in_progress,0.0
324,3.0,-2.3723828195447805,-3.562454154136592,21.7545579435975,-30.0,0.5,[-30.0, 0.5],2.598302326173499,False,True,0.3352122942344854,29,43.31233099315103,9532.174,in_progress,0.0
324,4.0,-2.356846788210962,-3.5640692011086004,20.021413438038856,-30.0,0.5,[-30.0, 0.5],2.5852834161057183,False,True,0.3664664781683591,29,43.31233099315103,9532.223,in_progress,0.0
324,5.0,-2.3304360163344784,-3.5733378898331902,15.622214151864256,-30.0,0.5,[-30.0, 0.5],2.551692201214262,False,True,0.4134735320353661,29,43.31233099315103,9532.286,in_progress,0.0
324,6.0,-2.3012503104794835,-3.5860870489227255,10.699325052202722,-30.0,0.5,[-30.0, 0.5],2.510168342286776,False,True,0.46306625846211646,29,43.31233099315103,9532.359,in_progress,0.0
324,7.0,-2.2719344555334873,-3.5972606973149976,6.695081343656191,-30.0,0.5,[-30.0, 0.5],2.471327248841484,False,True,0.5144126360615259,30,43.31233099315103,9532.422,in_progress,0.0
324,8.0,-2.241297053731965,-3.610197059516195,2.746343888352433,-30.0,0.5,[-30.0, 0.5],2.4285246078556897,False,True,0.5668916999844287,30,43.31233099315103,9532.481,in_progress,0.0
324,9.0,-2.2098932174475765,-3.624818268887709,-1.1233682467090274,-30.0,0.5,[-30.0, 0.5],2.382259195009368,False,True,0.6194056448188129,30,43.31233099315103,9532.55,in_progress,0.0
324,10.0,-2.177307411993766,-3.6422798753830246,-5.140060608797828,-30.0,0.5,[-30.0, 0.5],2.3302297440076574,False,True,0.6717461086038934,30,43.31233099315103,9532.626,in_progress,0.0
324,11.0,-2.140839127281841,-3.666115333538607,-9.942726909865103,-30.0,0.5,[-30.0, 0.5],0.001,False,True,0.7262920375176674,30,43.31233099315103,9532.71,in_progress,0.0
324,12.0,-2.1134552700786267,-3.686736095832644,-13.646238289677136,-30.0,0.5,[-30.0, 0.5],0.001,False,True,0.7646940519203616,30,43.31233099315103,9532.75,in_progress,0.0
324,13.0,-2.091406177606705,-3.704760750128276,-16.651147463890354,-30.0,0.5,[-30.0, 0.5],0.001,False,True,0.7942806377200601,30,43.31233099315103,9532.81,in_progress,0.0
324,14.0,-2.0664646740694,-3.7299480124682214,-20.680051926986515,-30.0,0.5,[-30.0, 0.5],0.001,False,True,0.8232438177356027,30,43.31233099315103,9532.881,in_progress,0.0
324,15.0,-2.0437315465173858,-3.7568370065353096,-24.768154130921747,-30.0,0.5,[-30.0, 0.5],0.001,False,True,0.8459512064906666,30,43.31233099315103,9532.96,in_progress,0.0
324,16.0,-2.023413387077806,-3.783891633650043,-28.64036387028519,-30.0,0.5,[-30.0, 0.5],0.001,False,True,0.8465069281354709,30,43.31233099315103,9533.027,in_progress,0.0
324,17.0,-2.001166574159634,-3.819621549139756,-33.50607816967503,-30.0,0.5,[-30.0, 0.5],0.001,False,True,0.8513035473273173,30,43.31233099315103,9533.098,in_progress,0.0
324,18.0,-1.983726981649225,-3.8514617463584426,-37.505102359270545,-30.0,0.5,[-30.0, 0.5],0.001,False,True,0.8558323278335195,30,43.31233099315103,9533.17,in_progress,0.0
324,19.0,-1.96603301170976,-3.886901078487535,-41.65281467250736,-30.0,0.5,[-30.0, 0.5],0.001,False,True,0.8572984599713396,30,43.31233099315103,9533.219,in_progress,0.0
324,20.0,-1.9551390042872008,-3.914464323109109,-44.90489341746286,-30.0,0.5,[-30.0, 0.5],0.001,False,True,0.8524685512501934,30,43.31233099315103,9533.298,in_progress,0.0
324,21.0,-1.945432805802358,-3.9493319515799317,-49.083595526951115,-30.0,0.5,[-30.0, 0.5],0.001,False,True,0.8465069281354709,30,43.31233099315103,9533.344,in_progress,0.0
324,22.0,-1.9398091233178434,-3.976964946120924,-52.46327457985734,-30.0,0.5,[-30.0, 0.5],0.001,False,True,0.8465069281354709,30,43.31233099315103,9533.419,in_progress,0.0
324,23.0,-1.9342181982900655,-4.011537438968695,-56.459240748677296,-30.0,0.5,[-30.0, 0.5],0.001,False,False,0.8378310811156059,30,43.31233099315103,9533.492,in_progress,0.0
324,24.0,-1.9308638842322405,-4.0584265778264665,-61.838646093958786,-30.0,0.5,[-30.0, 0.5],0.001,False,False,0.8008858021517046,30,43.31233099315103,9533.543,in_progress,0.0
324,25.0,-1.9295547163968874,-4.08545354806889,-64.66334707126227,-30.0,0.5,[-30.0, 0.5],0.001,False,False,0.7782737169215848,30,43.31233099315103,9533.638,in_progress,0.0
324,26.0,-1.9276791249456504,-4.120732527666175,-67.88343810875932,-30.0,0.5,[-30.0, 0.5],0.001,False,False,0.7491092244596737,30,43.31233099315103,9533.693,in_progress,0.0
324,27.0,-1.9308228305546864,-4.158036343541113,-71.8670721510767,-30.0,0.5,[-30.0, 0.5],0.001,False,False,0.7074564770581326,30,43.31233099315103,9533.764,in_progress,0.0
324,28.0,-1.936994226072946,-4.192118385246052,-75.79068947968018,-30.0,0.5,[-30.0, 0.5],0.001,False,False,0.662442044633077,30,43.31233099315103,9533.823,in_progress,0.0
324,29.0,-1.9444495499759271,-4.224635321410834,-79.43726339629337,-30.0,0.5,[-30.0, 0.5],0.001,True,False,0.6161887560427015,30,43.31233099315103,9533.886,off_track,0.0
325,1.0,-0.5498609633955343,-2.4570470132937623,19.97136035247519,-30.0,0.5,[-30.0, 0.5],0.0,False,True,0.32090788671402803,36,43.31233099315103,9534.03,prepare,0.0
325,2.0,-0.5500060216115178,-2.4570703692361766,19.94302139075892,-30.0,0.5,[-30.0, 0.5],3.075470391690835,False,True,0.3205692319925124,36,43.31233099315103,9534.084,in_progress,0.0
325,3.0,-0.539802923067007,-2.459254424713919,18.586312568634515,-30.0,0.5,[-30.0, 0.5],3.0870223308635536,False,True,0.3424815402382486,36,43.31233099315103,9534.161,in_progress,0.0
325,4.0,-0.5275352912333636,-2.460004033460497,17.442083549893226,-30.0,0.5,[-30.0, 0.5],4.097690477842478,False,True,0.3697631787697164,37,43.31233099315103,9534.226,in_progress,0.0
325,5.0,-0.504703712988801,-2.4640976544482434,14.863972277137323,-30.0,0.5,[-30.0, 0.5],3.4768510738655674,False,True,0.4191922745750032,37,43.31233099315103,9534.308,in_progress,0.0
325,6.0,-0.464818201301774,-2.4729450502947947,10.414066472606875,-30.0,0.5,[-30.0, 0.5],3.0821088675794557,False,True,0.5046965739110454,37,43.31233099315103,9534.356,in_progress,0.0
325,7.0,-0.43289048636979255,-2.480316371135879,7.289932377984182,-30.0,0.5,[-30.0, 0.5],3.045012262218564,False,True,0.5729972511530623,37,43.31233099315103,9534.413,in_progress,0.0
325,8.0,-0.3951102179825875,-2.4927808372404687,3.247023035144886,-30.0,0.5,[-30.0, 0.5],2.9947087047220204,False,True,0.65195224810084,37,43.31233099315103,9534.51,in_progress,0.0
325,9.0,-0.3578980287553237,-2.508750226326675,-0.9919515289178154,-30.0,0.5,[-30.0, 0.5],2.938714814534685,False,True,0.7045287549186263,37,43.31233099315103,9534.566,in_progress,0.0
325,10.0,-0.32512969186605106,-2.522268003420914,-4.105592454695506,-30.0,0.5,[-30.0, 0.5],2.8902837972269646,False,True,0.7583390494090514,37,43.31233099315103,9534.642,in_progress,0.0
325,11.0,-0.2863941776449843,-2.539992395666048,-7.511829475810544,-30.0,0.5,[-30.0, 0.5],0.001,False,True,0.8261517670108631,37,43.31233099315103,9534.709,in_progress,0.0
325,12.0,-0.25512803753517366,-2.5616101137307803,-11.61140485563251,-30.0,0.5,[-30.0, 0.5],0.001,False,True,0.8746134455022703,37,43.31233099315103,9534.748,in_progress,0.0
325,13.0,-0.22003194263180695,-2.5905944072694957,-16.694581741613497,-30.0,0.5,[-30.0, 0.5],0.001,False,True,0.9249618357501765,37,43.31233099315103,9534.831,in_progress,0.0
325,14.0,-0.1939959719774842,-2.614226388838062,-20.263562472086043,-30.0,0.5,[-30.0, 0.5],0.001,False,True,0.9604846059020677,37,43.31233099315103,9534.887,in_progress,0.0
325,15.0,-0.16874949613305865,-2.6405164806629826,-23.995580492256117,-30.0,0.5,[-30.0, 0.5],0.001,False,True,0.9920338982071286,37,43.31233099315103,9534.952,in_progress,0.0
325,16.0,-0.14196308846643563,-2.671294078432505,-28.116572710693358,-30.0,0.5,[-30.0, 0.5],0.001,False,True,1.023032472258928,37,43.31233099315103,9535.025,in_progress,0.0
325,17.0,-0.12041927438386689,-2.698073601667929,-31.369514197560456,-30.0,0.5,[-30.0, 0.5],0.001,False,True,1.0462255426631484,37,43.31233099315103,9535.099,in_progress,0.0
325,18.0,-0.10046075465577209,-2.728391635570053,-35.00939824818293,-30.0,0.5,[-30.0, 0.5],0.001,False,True,1.0629838472315356,38,43.31233099315103,9535.159,in_progress,0.0
325,19.0,-0.08338561684680468,-2.7611728713771284,-39.09057500135949,-30.0,0.5,[-30.0, 0.5],0.001,False,True,1.071447978738671,38,43.31233099315103,9535.227,in_progress,0.0
325,20.0,-0.06418524932141097,-2.8080445454720526,-44.7914973288802,-30.0,0.5,[-30.0, 0.5],0.001,False,True,1.0723742726348406,38,43.31233099315103,9535.303,in_progress,0.0
325,21.0,-0.05112410609634553,-2.8466900331342533,-49.05360689880177,-30.0,0.5,[-30.0, 0.5],0.001,False,True,1.0672019904626906,38,43.31233099315103,9535.349,in_progress,0.0
325,22.0,-0.04006082235713597,-2.880062364990038,-52.25008467982523,-30.0,0.5,[-30.0, 0.5],0.001,False,True,1.0622731952245668,38,43.31233099315103,9535.418,in_progress,0.0
325,23.0,-0.02693592135849035,-2.9143422054345205,-54.75637621166189,-30.0,0.5,[-30.0, 0.5],0.001,False,False,1.0609843463498358,38,43.31233099315103,9535.501,in_progress,0.0
325,24.0,-0.0178660649837038,-2.9533925490825412,-58.30880512417264,-30.0,0.5,[-30.0, 0.5],0.001,False,False,1.046909798183998,37,43.31233099315103,9535.563,in_progress,0.0
325,25.0,-0.01506813565411562,-2.987288287144749,-61.900461063113106,-30.0,0.5,[-30.0, 0.5],0.001,False,False,1.0238160867510615,37,43.31233099315103,9535.611,in_progress,0.0
325,26.0,-0.015251461104210925,-3.0293191054504907,-66.64066716454576,-30.0,0.5,[-30.0, 0.5],0.001,False,False,0.9873505868014831,37,43.31233099315103,9535.682,in_progress,0.0
325,27.0,-0.019582784754526794,-3.073227371024132,-71.70067360836144,-30.0,0.5,[-30.0, 0.5],0.001,False,False,0.9403830925350465,37,43.31233099315103,9535.757,in_progress,0.0
325,28.0,-0.024223048207071954,-3.1104003865933305,-75.52626289483493,-30.0,0.5,[-30.0, 0.5],0.001,False,False,0.8985338929336617,37,43.31233099315103,9535.83,in_progress,0.0
325,29.0,-0.02549716448590159,-3.145446643536014,-77.90290121135608,-30.0,0.5,[-30.0, 0.5],0.001,True,False,0.8657248612907287,37,43.31233099315103,9535.893,off_track,0.0
326,1.0,1.3029687436412793,-1.4165138248785338,15.603940768085181,-30.0,0.5,[-30.0, 0.5],0.0,False,True,0.32347335656284226,44,43.31233099315103,9536.033,prepare,0.0
326,2.0,1.3027644744408535,-1.4161707955036442,15.696061758064307,-30.0,0.5,[-30.0, 0.5],2.671811122752268,False,True,0.32323358450077055,44,43.31233099315103,9536.073,in_progress,0.0
326,3.0,1.3083033789682377,-1.416319920928802,15.462511930138493,-30.0,0.5,[-30.0, 0.5],2.6761474083089176,False,True,0.3354518535771178,44,43.31233099315103,9536.148,in_progress,0.0
326,4.0,1.3228676980339233,-1.4186508105898759,14.029064718595599,-30.0,0.5,[-30.0, 0.5],2.6908880980827994,False,True,0.3663683033890863,44,43.31233099315103,9536.217,in_progress,0.0
326,5.0,1.3475453217992983,-1.4277873776693326,10.380566515632099,-30.0,0.5,[-30.0, 0.5],2.724738389163407,False,True,0.41551285097928825,44,43.31233099315103,9536.304,in_progress,0.0
326,6.0,1.3794674332120826,-1.4451959153655551,4.846859974081792,-30.0,0.5,[-30.0, 0.5],2.7781846485656487,False,True,0.4755930640420569,44,43.31233099315103,9536.347,in_progress,0.0
326,7.0,1.408474774532432,-1.4569804629521552,1.4095795843084566,-30.0,0.5,[-30.0, 0.5],2.819782382309331,False,True,0.5327073844710262,44,43.31233099315103,9536.428,in_progress,0.0
326,8.0,1.4386941123753463,-1.4704493974304282,-1.9886045794918774,-30.0,0.5,[-30.0, 0.5],2.865146601200226,False,True,0.6110742034819372,44,43.31233099315103,9536.492,in_progress,0.0
326,9.0,1.4705530531208377,-1.4876076020822537,-5.8510781596977175,-30.0,0.5,[-30.0, 0.5],2.9180843364591276,False,True,0.6764656305934591,44,43.31233099315103,9536.564,in_progress,0.0
326,10.0,1.5046190556290497,-1.5095966491366302,-10.286355805041122,-30.0,0.5,[-30.0, 0.5],0.001,False,True,0.7449000390160665,44,43.31233099315103,9536.621,in_progress,0.0
326,11.0,1.5365203071907234,-1.5343103356402084,-14.697663844526957,-30.0,0.5,[-30.0, 0.5],0.001,False,True,0.8073027673529187,44,43.31233099315103,9536.687,in_progress,0.0
326,12.0,1.569618292947009,-1.5622959416903672,-19.0367385814808,-30.0,0.5,[-30.0, 0.5],0.001,False,True,0.8710890818284411,44,43.31233099315103,9536.765,in_progress,0.0
326,13.0,1.5940642532221139,-1.5849473643878818,-22.28303251163361,-30.0,0.5,[-30.0, 0.5],0.001,False,True,0.9173922406862711,45,43.31233099315103,9536.831,in_progress,0.0
326,14.0,1.6179232261614702,-1.6090517157036641,-25.440091616460172,-30.0,0.5,[-30.0, 0.5],0.001,False,True,0.9617682960308349,45,43.31233099315103,9536.87,in_progress,0.0
326,15.0,1.6420478499411073,-1.6392826375409058,-29.45495032697706,-30.0,0.5,[-30.0, 0.5],0.001,False,True,1.004246589470481,45,43.31233099315103,9536.963,in_progress,0.0
326,16.0,1.6624393703436535,-1.6706781376865618,-33.60925415014347,-30.0,0.5,[-30.0, 0.5],0.001,False,True,1.0377662037976632,45,43.31233099315103,9537.015,in_progress,0.0
326,17.0,1.6824691340776448,-1.7103900976144528,-38.81543647332012,-30.0,0.5,[-30.0, 0.5],0.001,False,True,1.0670682054399305,45,43.31233099315103,9537.072,in_progress,0.0
326,18.0,1.6979970340106996,-1.7477400799181748,-43.34638592686919,-30.0,0.5,[-30.0, 0.5],0.001,False,True,1.0871044454650758,45,43.31233099315103,9537.157,in_progress,0.0
326,19.0,1.712729191091956,-1.7769963732967682,-45.99616364318511,-30.0,0.5,[-30.0, 0.5],0.001,False,True,1.1086370138076118,45,43.31233099315103,9537.213,in_progress,0.0
326,20.0,1.7280014636663374,-1.8078199006377378,-48.48886912130085,-30.0,0.5,[-30.0, 0.5],0.001,False,True,1.1307570631621522,45,43.31233099315103,9537.303,in_progress,0.0
326,21.0,1.7371363710801515,-1.8439898621612882,-52.44433582717305,-30.0,0.5,[-30.0, 0.5],0.001,False,True,1.1367475127606108,45,43.31233099315103,9537.36,in_progress,0.0
326,22.0,1.7423572077107654,-1.87699221057388,-56.26894020913895,-30.0,0.5,[-30.0, 0.5],0.001,False,True,1.1351368501508863,45,43.31233099315103,9537.415,in_progress,0.0
326,23.0,1.746610003161595,-1.9139059718734168,-60.33536957421807,-30.0,0.5,[-30.0, 0.5],0.001,False,False,1.1297293876780912,45,43.31233099315103,9537.505,in_progress,0.0
326,24.0,1.745669481608564,-1.9605438485297553,-65.94289306617819,-30.0,0.5,[-30.0, 0.5],0.001,False,False,1.1085502277692894,45,43.31233099315103,9537.561,in_progress,0.0
326,25.0,1.743666864974064,-2.0006625238047446,-70.23274147190035,-30.0,0.5,[-30.0, 0.5],0.001,False,False,1.0876192796955786,45,43.31233099315103,9537.637,in_progress,0.0
326,26.0,1.746787254204405,-2.0369258612732186,-72.4403822893115,-30.0,0.5,[-30.0, 0.5],0.001,False,False,1.0799040743247834,45,43.31233099315103,9537.683,in_progress,0.0
326,27.0,1.7455510186544851,-2.074853457120934,-75.2819162738819,-30.0,0.5,[-30.0, 0.5],0.001,False,False,1.0616092697358859,45,43.31233099315103,9537.757,in_progress,0.0
326,28.0,1.7386934716467,-2.104996597082683,-78.73227229202614,-30.0,0.5,[-30.0, 0.5],0.001,True,False,1.0337188021809274,45,43.31233099315103,9537.83,off_track,0.0
327,1.0,3.2775926413272285,-0.6331625729477702,34.536936803726206,-30.0,0.5,[-30.0, 0.5],0.0,False,True,0.32354175296011034,51,43.31233099315103,9537.961,prepare,0.0
327,2.0,3.2774164444298846,-0.6331420372939753,34.550049560726194,-30.0,0.5,[-30.0, 0.5],2.7050682586678025,False,True,0.32323358450077055,51,43.31233099315103,9538.027,in_progress,0.0
327,3.0,3.2855931938439316,-0.6331661743960539,33.41732451034795,-30.0,0.5,[-30.0, 0.5],2.7105561401626543,False,True,0.33875095841562897,51,43.31233099315103,9538.09,in_progress,0.0
327,4.0,3.315147475243523,-0.6391198317885587,28.137471014322657,-30.0,0.5,[-30.0, 0.5],2.7406685117062275,False,True,0.3871560002223773,51,43.31233099315103,9538.16,in_progress,0.0
327,5.0,3.348402335418626,-0.6414346797121937,23.87737436980644,-30.0,0.5,[-30.0, 0.5],2.7667751275038146,False,True,0.44381198750522155,51,43.31233099315103,9538.23,in_progress,0.0
327,6.0,3.377567643898228,-0.6432596735066028,20.68659872049555,-30.0,0.5,[-30.0, 0.5],2.7892618385562313,False,True,0.49550088380738155,51,43.31233099315103,9538.297,in_progress,0.0
327,7.0,3.4127696551239213,-0.6481410279862236,16.59104796890426,-30.0,0.5,[-30.0, 0.5],2.8209949005185972,False,True,0.5542173653232618,51,43.31233099315103,9538.354,in_progress,0.0
327,8.0,3.4545212401847962,-0.6548535290206358,12.271079038176241,-30.0,0.5,[-30.0, 0.5],2.8596020240112905,False,True,0.6225935437690511,51,43.31233099315103,9538.421,in_progress,0.0
327,9.0,3.494338356994434,-0.6664804936800527,7.610181165898101,-30.0,0.5,[-30.0, 0.5],2.9056656987709086,False,True,0.6806400462513296,51,43.31233099315103,9538.486,in_progress,0.0
327,10.0,3.5304906655583266,-0.6799207206754817,3.2803497106413375,-30.0,0.5,[-30.0, 0.5],2.95260017461729,False,True,0.72939210386746,51,43.31233099315103,9538.579,in_progress,0.0
327,11.0,3.5694202863868982,-0.694796325198351,-0.7896166791029365,-30.0,0.5,[-30.0, 0.5],3.003875325086148,False,True,0.7813372837529642,52,43.31233099315103,9538.646,in_progress,0.0
327,12.0,3.606367523111878,-0.7097075448713266,-4.143797967207313,-30.0,0.5,[-30.0, 0.5],3.0539613423309455,False,True,0.8295503185371034,52,43.31233099315103,9538.702,in_progress,0.0
327,13.0,3.6369883095134288,-0.7280955643427938,-7.983899106574748,-30.0,0.5,[-30.0, 0.5],3.106132074551466,False,True,0.8612435797487827,52,43.31233099315103,9538.753,in_progress,0.0
327,14.0,3.6719585304997944,-0.7548611917238034,-13.136108292754132,-30.0,0.5,[-30.0, 0.5],0.001,False,True,0.8895365508648945,52,43.31233099315103,9538.837,in_progress,0.0
327,15.0,3.7048481923876437,-0.7848864365490704,-18.29993981259635,-30.0,0.5,[-30.0, 0.5],0.001,False,True,0.909496404504978,52,43.31233099315103,9538.902,in_progress,0.0
327,16.0,3.734659092247263,-0.8162102851358989,-23.02622519352205,-30.0,0.5,[-30.0, 0.5],0.001,False,True,0.9219560560559947,52,43.31233099315103,9538.954,in_progress,0.0
327,17.0,3.760349955765354,-0.8436426015601023,-26.673143238984597,-30.0,0.5,[-30.0, 0.5],0.001,False,True,0.9320939699280217,52,43.31233099315103,9539.022,in_progress,0.0
327,18.0,3.783007949488646,-0.8700561194143159,-29.892611114046055,-30.0,0.5,[-30.0, 0.5],0.001,False,True,0.9379929975203483,52,43.31233099315103,9539.097,in_progress,0.0
327,19.0,3.803091638964893,-0.9000477391387062,-33.57545636742068,-30.0,0.5,[-30.0, 0.5],0.001,False,True,0.934205023853274,52,43.31233099315103,9539.167,in_progress,0.0
327,20.0,3.8222979431352733,-0.9369678858876247,-38.330515093652636,-30.0,0.5,[-30.0, 0.5],0.001,False,True,0.9192911541053395,52,43.31233099315103,9539.232,in_progress,0.0
327,21.0,3.8375204892142696,-0.9726649181580651,-42.78365490426791,-30.0,0.5,[-30.0, 0.5],0.001,False,False,0.898651635915032,52,43.31233099315103,9539.294,in_progress,0.0
327,22.0,3.8523173264197292,-1.0173378678370606,-48.099294500401115,-30.0,0.5,[-30.0, 0.5],0.001,False,False,0.8649194613290334,52,43.31233099315103,9539.371,in_progress,0.0
327,23.0,3.865906897099357,-1.0537432344452298,-51.456912738752514,-30.0,0.5,[-30.0, 0.5],0.001,False,False,0.8402750355265443,52,43.31233099315103,9539.43,in_progress,0.0
327,24.0,3.8802555073820177,-1.0860822270450252,-53.58242745231351,-30.0,0.5,[-30.0, 0.5],0.001,False,False,0.8226139773232055,52,43.31233099315103,9539.5,in_progress,0.0
327,25.0,3.890134249745176,-1.120689431151034,-56.58617017688177,-30.0,0.5,[-30.0, 0.5],0.001,False,False,0.7935391303276529,52,43.31233099315103,9539.555,in_progress,0.0
327,26.0,3.893897369466155,-1.1588207241494397,-60.73973792598467,-30.0,0.5,[-30.0, 0.5],0.001,True,False,0.7482714237591725,51,43.31233099315103,9539.624,off_track,0.0
328,1.0,5.320120185899636,-0.44263201339222286,1.4026474282032908,-30.0,0.5,[-30.0, 0.5],0.0,False,True,0.3229387341018075,59,43.31233099315103,9539.764,prepare,0.0
328,2.0,5.320007388355594,-0.44250523665834024,1.4075123881355536,-30.0,0.5,[-30.0, 0.5],3.1023128211904436,False,True,0.3227316261397162,59,43.31233099315103,9539.829,in_progress,0.0
328,3.0,5.328340076144285,-0.44819137600908965,-0.06976312261180785,-30.0,0.5,[-30.0, 0.5],3.0865991482397903,False,True,0.3394696034506983,59,43.31233099315103,9539.888,in_progress,0.0
328,4.0,5.345534391911037,-0.46119726396208116,-3.2841001945715043,-30.0,0.5,[-30.0, 0.5],3.0520054363990177,False,True,0.37351053134988543,59,43.31233099315103,9539.948,in_progress,0.0
328,5.0,5.372993760737586,-0.4762604641823305,-6.538727410405296,-30.0,0.5,[-30.0, 0.5],3.0067715491367735,False,True,0.43010508178135676,59,43.31233099315103,9540.035,in_progress,0.0
328,6.0,5.403148932618877,-0.49610494378118286,-10.3699031521263,-30.0,0.5,[-30.0, 0.5],0.001,False,True,0.4909647486989466,59,43.31233099315103,9540.093,in_progress,0.0
328,7.0,5.4384034737044935,-0.522952553423304,-15.00995939716861,-30.0,0.5,[-30.0, 0.5],0.001,False,True,0.5606902128656388,59,43.31233099315103,9540.16,in_progress,0.0
328,8.0,5.46536100270426,-0.5458028613127129,-18.63110560428117,-30.0,0.5,[-30.0, 0.5],0.001,False,True,0.6130986717263809,59,43.31233099315103,9540.213,in_progress,0.0
328,9.0,5.495730934995142,-0.5746336293203747,-22.77497784213604,-30.0,0.5,[-30.0, 0.5],0.001,False,True,0.670934064702422,60,43.31233099315103,9540.293,in_progress,0.0
328,10.0,5.5209046503780375,-0.6029892664391716,-26.646387601515443,-30.0,0.5,[-30.0, 0.5],0.001,False,True,0.717131334214155,60,43.31233099315103,9540.356,in_progress,0.0
328,11.0,5.5444942436138955,-0.6285683159514264,-29.59449356485473,-30.0,0.5,[-30.0, 0.5],0.001,False,True,0.7608094075933547,60,43.31233099315103,9540.414,in_progress,0.0
328,12.0,5.568422244982605,-0.6550551192793904,-32.18183262853793,-30.0,0.5,[-30.0, 0.5],0.001,False,True,0.8049026575725149,60,43.31233099315103,9540.485,in_progress,0.0
328,13.0,5.591517387532144,-0.6915252816578267,-36.56446523609243,-30.0,0.5,[-30.0, 0.5],0.001,False,True,0.8431980230079017,60,43.31233099315103,9540.566,in_progress,0.0
328,14.0,5.608884275160893,-0.7294597516720678,-41.35784978261893,-30.0,0.5,[-30.0, 0.5],0.001,False,True,0.8678864524916008,60,43.31233099315103,9540.617,in_progress,0.0
328,15.0,5.6222984512809235,-0.7644758291244172,-45.51237306682446,-30.0,0.5,[-30.0, 0.5],0.001,False,True,0.8847214540747772,60,43.31233099315103,9540.686,in_progress,0.0
328,16.0,5.636487894313174,-0.8070898377791154,-50.10261973559881,-30.0,0.5,[-30.0, 0.5],0.001,False,True,0.9003503426283754,60,43.31233099315103,9540.762,in_progress,0.0
328,17.0,5.645066072630288,-0.8363263617050373,-53.06781548191031,-30.0,0.5,[-30.0, 0.5],0.001,False,True,0.908440516649961,60,43.31233099315103,9540.823,in_progress,0.0
328,18.0,5.6514071529390755,-0.8679156320378539,-56.4245374531374,-30.0,0.5,[-30.0, 0.5],0.001,False,True,0.9105204841992787,60,43.31233099315103,9540.919,in_progress,0.0
328,19.0,5.655765249290636,-0.9101270853950917,-61.053556795022295,-30.0,0.5,[-30.0, 0.5],0.001,False,True,0.9039357541581305,60,43.31233099315103,9540.966,in_progress,0.0
328,20.0,5.655917511003038,-0.9464657265849609,-65.24960662375871,-30.0,0.5,[-30.0, 0.5],0.001,False,True,0.8900765743499017,60,43.31233099315103,9541.007,in_progress,0.0
328,21.0,5.651590011599515,-0.9907966209355817,-70.58294685091123,-30.0,0.5,[-30.0, 0.5],0.001,False,False,0.8628994447934024,60,43.31233099315103,9541.088,in_progress,0.0
328,22.0,5.6453373788594465,-1.0327688469703895,-75.25448073718705,-30.0,0.5,[-30.0, 0.5],0.001,False,False,0.8322637818572287,60,43.31233099315103,9541.16,in_progress,0.0
328,23.0,5.642315537794892,-1.0662420375114678,-77.9808331237058,-30.0,0.5,[-30.0, 0.5],0.001,False,False,0.8123021828674581,60,43.31233099315103,9541.243,in_progress,0.0
328,24.0,5.638024808341046,-1.101536620208295,-80.7582064632539,-30.0,0.5,[-30.0, 0.5],0.001,False,False,0.7887412336752109,60,43.31233099315103,9541.284,in_progress,0.0
328,25.0,5.627974073614944,-1.1335547164418667,-84.40147598714084,-30.0,0.5,[-30.0, 0.5],0.001,False,False,0.7533543916613816,60,43.31233099315103,9541.355,in_progress,0.0
328,26.0,5.613399166917834,-1.1684874997178774,-88.61787224272912,-30.0,0.5,[-30.0, 0.5],0.001,True,False,0.7065334866359352,60,43.31233099315103,9541.418,off_track,0.0
329,1.0,6.94949133015995,0.8303142385595282,60.94104327011189,-30.0,0.5,[-30.0, 0.5],0.0,False,True,0.3225701038951201,66,43.31233099315103,9541.567,prepare,0.0
329,2.0,6.9487125333796405,0.8302877113463735,61.16759231631777,-30.0,0.5,[-30.0, 0.5],2.678995264947772,False,True,0.32180050104795854,66,43.31233099315103,9541.625,in_progress,0.0
329,3.0,6.955789309934767,0.8335224253843577,59.89719425823813,-30.0,0.5,[-30.0, 0.5],2.669740701885787,False,True,0.3351382881894571,66,43.31233099315103,9541.696,in_progress,0.0
329,4.0,6.976904780468523,0.843567251139574,56.65321612603636,-30.0,0.5,[-30.0, 0.5],2.6424529329727866,False,True,0.37576845748562016,66,43.31233099315103,9541.771,in_progress,0.0
329,5.0,6.998583919232837,0.8555797881528193,53.86295925916333,-30.0,0.5,[-30.0, 0.5],2.615842197984769,False,True,0.42108517170867943,66,43.31233099315103,9541.827,in_progress,0.0
329,6.0,7.029574188078925,0.867554690329877,49.51076672472394,-30.0,0.5,[-30.0, 0.5],2.573511347945827,False,True,0.4748511826776658,66,43.31233099315103,9541.884,in_progress,0.0
329,7.0,7.06445696569569,0.8820403071023254,45.47363042086048,-30.0,0.5,[-30.0, 0.5],2.6463009728875386,False,True,0.5375037796346682,67,43.31233099315103,9541.963,in_progress,0.0
329,8.0,7.090540363295036,0.8918486366298072,42.63492533146169,-30.0,0.5,[-30.0, 0.5],2.610453813263573,False,True,0.5821833907015517,67,43.31233099315103,9542.01,in_progress,0.0
329,9.0,7.138766586945389,0.9033029981564966,37.00459041317397,-30.0,0.5,[-30.0, 0.5],2.5386606939251517,False,True,0.6506344559781607,67,43.31233099315103,9542.085,in_progress,0.0
329,10.0,7.176092493453642,0.9100224489585791,32.8994516249033,-30.0,0.5,[-30.0, 0.5],0.001,False,True,0.6990659400315569,67,43.31233099315103,9542.179,in_progress,0.0
329,11.0,7.214828830086866,0.9184340218707981,29.613562548687543,-30.0,0.5,[-30.0, 0.5],0.001,False,True,0.7523755453834546,67,43.31233099315103,9542.219,in_progress,0.0
329,12.0,7.24997351873179,0.9225094779411128,26.421062539484627,-30.0,0.5,[-30.0, 0.5],0.001,False,True,0.7932055333068511,67,43.31233099315103,9542.295,in_progress,0.0
329,13.0,7.28863079219527,0.9219021507902275,22.175859129275025,-30.0,0.5,[-30.0, 0.5],0.001,False,True,0.827328729436605,67,43.31233099315103,9542.362,in_progress,0.0
329,14.0,7.324127575323239,0.9186279215693274,18.22756338498665,-30.0,0.5,[-30.0, 0.5],0.001,False,True,0.836050875643185,67,43.31233099315103,9542.435,in_progress,0.0
329,15.0,7.3678786413553485,0.910342173520094,13.224727864857021,-30.0,0.5,[-30.0, 0.5],0.001,False,True,0.836050875643185,67,43.31233099315103,9542.472,in_progress,0.0
329,16.0,7.408408270978283,0.8989813309650587,8.436319500982,-30.0,0.5,[-30.0, 0.5],0.001,False,True,0.836050875643185,67,43.31233099315103,9542.561,in_progress,0.0
329,17.0,7.440804082249085,0.889421583382114,4.983995954190974,-30.0,0.5,[-30.0, 0.5],0.001,False,True,0.836050875643185,67,43.31233099315103,9542.634,in_progress,0.0
329,18.0,7.4726837883256945,0.8784188840793756,1.743375924844113,-30.0,0.5,[-30.0, 0.5],0.001,False,True,0.836050875643185,67,43.31233099315103,9542.69,in_progress,0.0
329,19.0,7.505010793458843,0.8627835739898692,-2.1828890680755393,-30.0,0.5,[-30.0, 0.5],0.001,False,True,0.836050875643185,67,43.31233099315103,9542.764,in_progress,0.0
329,20.0,7.540927138904411,0.8417246465340943,-6.866124454327883,-30.0,0.5,[-30.0, 0.5],0.001,False,True,0.836050875643185,67,43.31233099315103,9542.821,in_progress,0.0
329,21.0,7.577237616758267,0.8144614260783707,-12.225585938776694,-30.0,0.5,[-30.0, 0.5],0.001,False,False,0.836050875643185,67,43.31233099315103,9542.895,in_progress,0.0
329,22.0,7.607458196130435,0.7886110572186509,-16.64480987460805,-30.0,0.5,[-30.0, 0.5],0.001,False,False,0.836050875643185,67,43.31233099315103,9542.958,in_progress,0.0
329,23.0,7.635661943134113,0.7663509456349562,-19.786825763135607,-30.0,0.5,[-30.0, 0.5],0.001,False,False,0.8155479077717853,67,43.31233099315103,9543.022,in_progress,0.0
329,24.0,7.664285999824772,0.7409753328131277,-23.100904582879036,-30.0,0.5,[-30.0, 0.5],0.001,False,False,0.7879885456992808,67,43.31233099315103,9543.108,in_progress,0.0
329,25.0,7.688095577770787,0.712953180277619,-26.825261240571354,-30.0,0.5,[-30.0, 0.5],0.001,False,False,0.7504102093308096,67,43.31233099315103,9543.15,in_progress,0.0
329,26.0,7.712146128374529,0.6791798505246364,-31.37218553719935,-30.0,0.5,[-30.0, 0.5],0.001,True,False,0.700863987750211,67,43.31233099315103,9543.229,off_track,0.0
330,1.0,7.212142360738926,2.9527777426159783,94.86056802363932,-30.0,0.5,[-30.0, 0.5],0.0,False,True,0.3216972460397427,73,43.31233099315103,9543.366,prepare,0.0
330,2.0,7.212045472932192,2.9527041785732866,94.86311935833122,-30.0,0.5,[-30.0, 0.5],3.358791691696105,False,True,0.321572015025795,73,43.31233099315103,9543.438,in_progress,0.0
330,3.0,7.216813349524094,2.96338783247612,93.53399892799463,-30.0,0.5,[-30.0, 0.5],3.344817415890715,False,True,0.3437579571230587,73,43.31233099315103,9543.487,in_progress,0.0
330,4.0,7.225734217342101,2.9794255711815327,91.06531544510001,-30.0,0.5,[-30.0, 0.5],3.3206397304872906,False,True,0.3763042861716026,74,43.31233099315103,9543.536,in_progress,0.0
330,5.0,7.2392050397707255,3.0012304141251422,87.69131069225178,-30.0,0.5,[-30.0, 0.5],3.285326616958071,False,True,0.41997728890749153,74,43.31233099315103,9543.63,in_progress,0.0
330,6.0,7.257951331441858,3.032064335153962,83.55594502682395,-30.0,0.5,[-30.0, 0.5],3.235921348998226,False,True,0.48186473633188287,74,43.31233099315103,9543.684,in_progress,0.0
330,7.0,7.277515755921683,3.0625513486608713,79.78573841927961,-30.0,0.5,[-30.0, 0.5],3.1851854201335934,False,True,0.5426135847827696,74,43.31233099315103,9543.761,in_progress,0.0
330,8.0,7.3025585660757,3.098353401040615,75.49758472451224,-30.0,0.5,[-30.0, 0.5],3.1218948802613133,False,True,0.6130645534424994,74,43.31233099315103,9543.827,in_progress,0.0
330,9.0,7.332085636537364,3.1314072852220196,70.72951157588635,-30.0,0.5,[-30.0, 0.5],0.001,False,True,0.6753539797575536,74,43.31233099315103,9543.902,in_progress,0.0
330,10.0,7.353648973186381,3.155107870687774,67.70106935008329,-30.0,0.5,[-30.0, 0.5],0.001,False,True,0.7007618330962084,74,43.31233099315103,9543.966,in_progress,0.0
330,11.0,7.377561142753477,3.1854872113238306,65.21077307974454,-30.0,0.5,[-30.0, 0.5],0.001,False,True,0.7007618330962084,74,43.31233099315103,9544.041,in_progress,0.0
330,12.0,7.404303202137395,3.213310763462434,62.32466169191295,-30.0,0.5,[-30.0, 0.5],0.001,False,True,0.7308356182434306,74,43.31233099315103,9544.104,in_progress,0.0
330,13.0,7.441007309721386,3.2378727355751487,57.33879396574656,-30.0,0.5,[-30.0, 0.5],0.001,False,True,0.7544647338424859,74,43.31233099315103,9544.16,in_progress,0.0
330,14.0,7.476859260557293,3.2590315754953023,52.875658896726655,-30.0,0.5,[-30.0, 0.5],0.001,False,True,0.7714145205152123,74,43.31233099315103,9544.226,in_progress,0.0
330,15.0,7.51068182847782,3.275817928696134,48.89820682971348,-30.0,0.5,[-30.0, 0.5],0.001,False,True,0.7805341736953353,74,43.31233099315103,9544.311,in_progress,0.0
330,16.0,7.553083567931182,3.2928295348312173,44.08922128939903,-30.0,0.5,[-30.0, 0.5],0.001,False,True,0.7832398595686407,74,43.31233099315103,9544.352,in_progress,0.0
330,17.0,7.58395240444319,3.3052106133641943,41.05144015345178,-30.0,0.5,[-30.0, 0.5],0.001,False,True,0.7852020063640164,74,43.31233099315103,9544.428,in_progress,0.0
330,18.0,7.614351398605888,3.3165736748271595,38.34695184691096,-30.0,0.5,[-30.0, 0.5],0.001,False,True,0.7853389870556393,74,43.31233099315103,9544.495,in_progress,0.0
330,19.0,7.654700314929791,3.325728252596469,34.10530063868129,-30.0,0.5,[-30.0, 0.5],0.001,False,True,0.7726923750945969,74,43.31233099315103,9544.545,in_progress,0.0
330,20.0,7.696162182932465,3.3292135907405123,29.23208251343084,-30.0,0.5,[-30.0, 0.5],0.001,False,True,0.7468814548433067,74,43.31233099315103,9544.625,in_progress,0.0
330,21.0,7.736754112249913,3.331018537473942,24.91584273346616,-30.0,0.5,[-30.0, 0.5],0.001,False,False,0.7181337548599287,74,43.31233099315103,9544.692,in_progress,0.0
330,22.0,7.775903130305513,3.3318590979674987,21.245997743611213,-30.0,0.5,[-30.0, 0.5],0.001,False,False,0.7007618330962084,74,43.31233099315103,9544.761,in_progress,0.0
330,23.0,7.815832037939395,3.331824492458601,17.798431803211724,-30.0,0.5,[-30.0, 0.5],0.001,False,False,0.7007618330962084,74,43.31233099315103,9544.841,in_progress,0.0
330,24.0,7.851219935118481,3.3287502643175304,14.486374448082882,-30.0,0.5,[-30.0, 0.5],0.001,False,False,0.7007618330962084,74,43.31233099315103,9544.896,in_progress,0.0
330,25.0,7.893352178072864,3.319529935315955,9.947373787307495,-30.0,0.5,[-30.0, 0.5],0.001,False,False,0.7007618330962084,74,43.31233099315103,9544.968,in_progress,0.0
330,26.0,7.928199961122554,3.3070824156958802,5.583162772564359,-30.0,0.5,[-30.0, 0.5],0.001,True,False,0.7007618330962084,74,43.31233099315103,9545.027,off_track,0.0
331,1.0,5.5746418998691265,4.057581758682439,177.52401598615964,-30.0,0.5,[-30.0, 0.5],0.0,False,True,0.3232367999501995,81,43.31233099315103,9545.164,prepare,0.0
331,2.0,5.575093740954913,4.056680823259768,177.78343424477472,-30.0,0.5,[-30.0, 0.5],2.7511718716524287,False,True,0.32210521479786314,81,43.31233099315103,9545.203,in_progress,0.0
331,3.0,5.566874921113978,4.061180406071254,176.7227022046435,-30.0,0.5,[-30.0, 0.5],2.744932028909534,False,True,0.34150956586127545,81,43.31233099315103,9545.293,in_progress,0.0
331,4.0,5.548407427206783,4.070658426036705,174.67844691635617,-30.0,0.5,[-30.0, 0.5],2.732087112199941,False,True,0.3850479751085767,81,43.31233099315103,9545.356,in_progress,0.0
331,5.0,5.529411358819748,4.086660802845398,171.20105419792793,-30.0,0.5,[-30.0, 0.5],2.70725518675867,False,True,0.43045255665141724,81,43.31233099315103,9545.439,in_progress,0.0
331,6.0,5.49789379877142,4.112995361802135,166.28977482366017,-30.0,0.5,[-30.0, 0.5],2.666459536010531,False,True,0.5057647099876661,81,43.31233099315103,9545.494,in_progress,0.0
331,7.0,5.4694926460632205,4.1371126649342,162.33665903741473,-30.0,0.5,[-30.0, 0.5],2.6290473052149412,False,True,0.5646683946467834,81,43.31233099315103,9545.547,in_progress,0.0
331,8.0,5.442414012178263,4.164207635283617,158.12056800907527,-30.0,0.5,[-30.0, 0.5],2.5845809172229632,False,True,0.6220789748250577,81,43.31233099315103,9545.631,in_progress,0.0
331,9.0,5.413918915601762,4.196790498757894,153.5047927458438,-30.0,0.5,[-30.0, 0.5],2.526318766004078,False,True,0.6857290544958095,81,43.31233099315103,9545.688,in_progress,0.0
331,10.0,5.393539246502046,4.219019328082607,150.8736358231556,-30.0,0.5,[-30.0, 0.5],2.4866640360714793,False,True,0.7313212378891265,81,43.31233099315103,9545.761,in_progress,0.0
331,11.0,5.365366095640486,4.246773998051069,148.41089092691175,-30.0,0.5,[-30.0, 0.5],2.437419509842131,False,True,0.7945415182536331,81,43.31233099315103,9545.801,in_progress,0.0
331,12.0,5.341801425020982,4.2755533450206835,145.5476156141622,-30.0,0.5,[-30.0, 0.5],0.001,False,True,0.8470594144595833,81,43.31233099315103,9545.879,in_progress,0.0
331,13.0,5.322329984390831,4.309703149517011,141.49636616471392,-30.0,0.5,[-30.0, 0.5],0.001,False,True,0.8897821488554447,81,43.31233099315103,9545.966,in_progress,0.0
331,14.0,5.305558546313562,4.349292707424241,136.66179842027537,-30.0,0.5,[-30.0, 0.5],0.001,False,True,0.9259206552494348,82,43.31233099315103,9546.031,in_progress,0.0
331,15.0,5.293305452943974,4.389767027120242,131.68153616647814,-30.0,0.5,[-30.0, 0.5],0.001,False,True,0.9515738779727778,82,43.31233099315103,9546.105,in_progress,0.0
331,16.0,5.284889831281853,4.422344122013909,128.02761546968634,-30.0,0.5,[-30.0, 0.5],0.001,False,True,0.9688829169654856,82,43.31233099315103,9546.167,in_progress,0.0
331,17.0,5.275124855229245,4.459036983804767,124.45953037540298,-30.0,0.5,[-30.0, 0.5],0.001,False,True,0.9890391286892175,82,43.31233099315103,9546.223,in_progress,0.0
331,18.0,5.269480179336243,4.493365834850653,121.00560099489294,-30.0,0.5,[-30.0, 0.5],0.001,False,True,0.9998394610880701,82,43.31233099315103,9546.293,in_progress,0.0
331,19.0,5.266583322308657,4.53061727717425,116.99800607631306,-30.0,0.5,[-30.0, 0.5],0.001,False,True,1.0041085059469879,82,43.31233099315103,9546.369,in_progress,0.0
331,20.0,5.268022774919738,4.571547644352366,112.21468074565843,-30.0,0.5,[-30.0, 0.5],0.001,False,True,0.9981311202404086,82,43.31233099315103,9546.422,in_progress,0.0
331,21.0,5.274359674094646,4.614881568005389,106.98472393159284,-30.0,0.5,[-30.0, 0.5],0.001,False,True,0.9806949931065012,82,43.31233099315103,9546.495,in_progress,0.0
331,22.0,5.280452469991546,4.651733660343623,103.07389227700969,-30.0,0.5,[-30.0, 0.5],0.001,False,False,0.9642427273414467,82,43.31233099315103,9546.554,in_progress,0.0
331,23.0,5.28632693020018,4.686918481157034,99.78176794824928,-30.0,0.5,[-30.0, 0.5],0.001,False,False,0.9484025192658563,82,43.31233099315103,9546.618,in_progress,0.0
331,24.0,5.295448323387629,4.722054265884594,96.2326275909263,-30.0,0.5,[-30.0, 0.5],0.001,False,False,0.9250718965329585,82,43.31233099315103,9546.689,in_progress,0.0
331,25.0,5.309180306152759,4.754834137098132,92.23339063852525,-30.0,0.5,[-30.0, 0.5],0.001,False,False,0.8912533303642389,81,43.31233099315103,9546.751,in_progress,0.0
331,26.0,5.325398068880741,4.788031725769046,88.0353779406468,-30.0,0.5,[-30.0, 0.5],0.001,False,False,0.8516707347083874,81,43.31233099315103,9546.808,in_progress,0.0
331,27.0,5.350451327601113,4.827534370608485,82.44975860825907,-30.0,0.5,[-30.0, 0.5],0.001,True,False,0.791287672609442,81,43.31233099315103,9546.876,off_track,0.0
332,1.0,3.438226437407095,3.74941664986261,-165.83022063797523,-30.0,0.5,[-30.0, 0.5],0.0,False,True,0.32374200895253225,88,43.31233099315103,9547.036,prepare,0.0
332,2.0,3.4384908662173785,3.7492699629560167,-165.7570137636123,-30.0,0.5,[-30.0, 0.5],2.8929489084238824,False,True,0.32323358450077055,88,43.31233099315103,9547.09,in_progress,0.0
332,3.0,3.435037916364603,3.7492007162195287,-165.9014781417492,-30.0,0.5,[-30.0, 0.5],2.8913085525140607,False,True,0.3310000721654327,88,43.31233099315103,9547.167,in_progress,0.0
332,4.0,3.424780422278416,3.752539493734517,-167.34315872459362,-30.0,0.5,[-30.0, 0.5],2.880042207091753,False,True,0.3520581269623291,88,43.31233099315103,9547.23,in_progress,0.0
332,5.0,3.3960799035439284,3.7628178622732356,-171.29212153870054,-30.0,0.5,[-30.0, 0.5],2.846829928904493,False,True,0.41044671783482256,88,43.31233099315103,9547.281,in_progress,0.0
332,6.0,3.368380983580363,3.7720530215996746,-174.51758799533312,-30.0,0.5,[-30.0, 0.5],2.8149172172390013,False,True,0.4659417123830667,88,43.31233099315103,9547.362,in_progress,0.0
332,7.0,3.336620613546087,3.7840721823949615,-178.1086550626473,-30.0,0.5,[-30.0, 0.5],2.7750375182590874,False,True,0.5295686291605373,88,43.31233099315103,9547.434,in_progress,0.0
332,8.0,3.3027096888997645,3.7992397434734886,178.04044514558348,-30.0,0.5,[-30.0, 0.5],2.7282952936995986,False,True,0.5961064133607308,88,43.31233099315103,9547.514,in_progress,0.0
332,9.0,3.2652530095861962,3.8117249808724516,175.41840804950297,-30.0,0.5,[-30.0, 0.5],2.684273017379232,False,True,0.6721563555861065,88,43.31233099315103,9547.543,in_progress,0.0
332,10.0,3.2303102840486444,3.8223066112575834,173.65277717061292,-30.0,0.5,[-30.0, 0.5],2.6451040923393494,False,True,0.7437399848360005,88,43.31233099315103,9547.617,in_progress,0.0
332,11.0,3.2044245278683214,3.837449189994138,170.79992139397592,-30.0,0.5,[-30.0, 0.5],2.603068407351942,False,True,0.7923976654077625,89,43.31233099315103,9547.696,in_progress,0.0
332,12.0,3.1737492229237487,3.860038893520389,166.62814663674703,-30.0,0.5,[-30.0, 0.5],0.001,False,True,0.8472776699107176,89,43.31233099315103,9547.763,in_progress,0.0
332,13.0,3.14296943305662,3.884825486103616,162.60890610923795,-30.0,0.5,[-30.0, 0.5],0.001,False,True,0.9010756384613905,89,43.31233099315103,9547.818,in_progress,0.0
332,14.0,3.114264281057957,3.9136092442952655,158.18034545375204,-30.0,0.5,[-30.0, 0.5],0.001,False,True,0.9478547998568176,89,43.31233099315103,9547.918,in_progress,0.0
332,15.0,3.085699628207682,3.944617232456296,153.89233798774984,-30.0,0.5,[-30.0, 0.5],0.001,False,True,0.9929892775824345,89,43.31233099315103,9547.957,in_progress,0.0
332,16.0,3.058474196632506,3.970537808952268,151.19793413472763,-30.0,0.5,[-30.0, 0.5],0.001,False,True,1.0381827151341838,89,43.31233099315103,9548.028,in_progress,0.0
332,17.0,3.0372695127737606,3.9944818483676503,148.61746085040278,-30.0,0.5,[-30.0, 0.5],0.001,False,True,1.0711338107143087,89,43.31233099315103,9548.096,in_progress,0.0
332,18.0,3.0186315200309157,4.02597290049439,144.51695954853054,-30.0,0.5,[-30.0, 0.5],0.001,False,True,1.0938440029342522,89,43.31233099315103,9548.155,in_progress,0.0
332,19.0,2.997601564857591,4.068081926515809,139.2670356015761,-30.0,0.5,[-30.0, 0.5],0.001,False,True,1.1155321999645973,89,43.31233099315103,9548.216,in_progress,0.0
332,20.0,2.982278288936804,4.103532971306369,135.2967789181397,-30.0,0.5,[-30.0, 0.5],0.001,False,True,1.1254230671596144,89,43.31233099315103,9548.31,in_progress,0.0
332,21.0,2.969080266775765,4.143984798237832,130.7634163715649,-30.0,0.5,[-30.0, 0.5],0.001,False,True,1.1254230671596144,89,43.31233099315103,9548.352,in_progress,0.0
332,22.0,2.9586869919142926,4.181291181870422,126.81147598687788,-30.0,0.5,[-30.0, 0.5],0.001,False,True,1.1254230671596144,89,43.31233099315103,9548.429,in_progress,0.0
332,23.0,2.9511489465142016,4.214210757476113,123.58093330859224,-30.0,0.5,[-30.0, 0.5],0.001,False,False,1.1254230671596144,89,43.31233099315103,9548.493,in_progress,0.0
332,24.0,2.9470095722810186,4.248651497499377,119.91397836199005,-30.0,0.5,[-30.0, 0.5],0.001,False,False,1.1202594898757856,89,43.31233099315103,9548.579,in_progress,0.0
332,25.0,2.9467964844894956,4.295269785718425,114.46274799144017,-30.0,0.5,[-30.0, 0.5],0.001,False,False,1.092829669196127,89,43.31233099315103,9548.619,in_progress,0.0
332,26.0,2.9491931034470973,4.332372987156256,110.24898340917356,-30.0,0.5,[-30.0, 0.5],0.001,False,False,1.0652761318794002,89,43.31233099315103,9548.714,in_progress,0.0
332,27.0,2.95428088858706,4.375798962159028,105.62355740840673,-30.0,0.5,[-30.0, 0.5],0.001,False,False,1.0279369387725334,89,43.31233099315103,9548.735,in_progress,0.0
332,28.0,2.9567007595271497,4.414171705514382,102.64990322730587,-30.0,0.5,[-30.0, 0.5],0.001,True,False,0.9995716246964159,89,43.31233099315103,9548.816,off_track,0.0
333,1.0,1.3903056963127118,3.052839463704903,-156.56201862831082,-30.0,0.5,[-30.0, 0.5],0.0,False,True,0.323328010546442,95,43.31233099315103,9548.962,prepare,0.0
333,2.0,1.390492623119531,3.0525855630259855,-156.50387595266164,-30.0,0.5,[-30.0, 0.5],2.528341417895375,False,True,0.32320074413022537,95,43.31233099315103,9549.039,in_progress,0.0
333,3.0,1.38430819946598,3.051884356868178,-156.83815977420664,-30.0,0.5,[-30.0, 0.5],2.523134572290332,False,True,0.336719327258872,95,43.31233099315103,9549.106,in_progress,0.0
333,4.0,1.3644838860605484,3.0527385651320493,-158.8756869093964,-30.0,0.5,[-30.0, 0.5],2.501549473562936,False,True,0.3768811168234576,95,43.31233099315103,9549.154,in_progress,0.0
333,5.0,1.3377689670997546,3.057420751629559,-162.31040084751174,-30.0,0.5,[-30.0, 0.5],2.466877143273268,False,True,0.4273912742979835,95,43.31233099315103,9549.222,in_progress,0.0
333,6.0,1.2976578153560596,3.0648620735330794,-166.8524489667512,-30.0,0.5,[-30.0, 0.5],2.414122808151919,False,True,0.5028092394158579,95,43.31233099315103,9549.303,in_progress,0.0
333,7.0,1.2683660708948714,3.0671180765325765,-168.9926412441779,-30.0,0.5,[-30.0, 0.5],2.3805733404992075,False,True,0.5611345508028442,95,43.31233099315103,9549.351,in_progress,0.0
333,8.0,1.2297963234397637,3.070521850985389,-171.52979085754532,-30.0,0.5,[-30.0, 0.5],2.3356719318343657,False,True,0.6374910655032373,95,43.31233099315103,9549.427,in_progress,0.0
333,9.0,1.1993200889207634,3.0789930474049796,-174.62192558029116,-30.0,0.5,[-30.0, 0.5],2.2910351518341727,False,True,0.691911962324776,96,43.31233099315103,9549.498,in_progress,0.0
333,10.0,1.15706467820318,3.096732875554026,-179.6602869674373,-30.0,0.5,[-30.0, 0.5],0.001,False,True,0.761236201708626,96,43.31233099315103,9549.567,in_progress,0.0
333,11.0,1.1228498047358315,3.113724156485698,176.22521280389296,-30.0,0.5,[-30.0, 0.5],0.001,False,True,0.8146824479732584,96,43.31233099315103,9549.628,in_progress,0.0
333,12.0,1.087117986457938,3.1344961911282265,171.89919374746432,-30.0,0.5,[-30.0, 0.5],0.001,False,True,0.8674021365953077,96,43.31233099315103,9549.7,in_progress,0.0
333,13.0,1.0588592647413027,3.1525939363348594,168.55214544616345,-30.0,0.5,[-30.0, 0.5],0.001,False,True,0.9073878559020088,96,43.31233099315103,9549.776,in_progress,0.0
333,14.0,1.0251120888625576,3.1703182162293895,166.0246491988059,-30.0,0.5,[-30.0, 0.5],0.001,False,True,0.9591163554220739,96,43.31233099315103,9549.821,in_progress,0.0
333,15.0,0.9911434123519085,3.1906442651085625,163.31189749524566,-30.0,0.5,[-30.0, 0.5],0.001,False,True,0.9911980882531202,96,43.31233099315103,9549.887,in_progress,0.0
333,16.0,0.9683409730348072,3.2103604979614446,160.30255340491493,-30.0,0.5,[-30.0, 0.5],0.001,False,True,0.9911980882531202,96,43.31233099315103,9549.949,in_progress,0.0
333,17.0,0.9374035981668412,3.2463860371570927,154.72774210662908,-30.0,0.5,[-30.0, 0.5],0.001,False,True,0.9911980882531202,96,43.31233099315103,9550.044,in_progress,0.0
333,18.0,0.9123501477724746,3.280409449795355,149.98478423904325,-30.0,0.5,[-30.0, 0.5],0.001,False,True,0.9911980882531202,96,43.31233099315103,9550.099,in_progress,0.0
333,19.0,0.8900000299800226,3.313458019208372,145.9276025757659,-30.0,0.5,[-30.0, 0.5],0.001,False,True,0.9911980882531202,96,43.31233099315103,9550.148,in_progress,0.0
333,20.0,0.8733655572936525,3.3393708931642707,142.97636690605276,-30.0,0.5,[-30.0, 0.5],0.001,False,True,0.9911980882531202,96,43.31233099315103,9550.217,in_progress,0.0
333,21.0,0.8550887522335211,3.371191119448484,139.5470901988936,-30.0,0.5,[-30.0, 0.5],0.001,False,True,0.9911980882531202,96,43.31233099315103,9550.299,in_progress,0.0
333,22.0,0.8396873758717147,3.405573737344702,135.71884006807693,-30.0,0.5,[-30.0, 0.5],0.001,False,False,0.9911980882531202,96,43.31233099315103,9550.375,in_progress,0.0
333,23.0,0.8273757271036712,3.448529986234047,130.4461942975878,-30.0,0.5,[-30.0, 0.5],0.001,False,False,0.9911980882531202,96,43.31233099315103,9550.426,in_progress,0.0
333,24.0,0.820979290680099,3.484149765004328,126.05771739370572,-30.0,0.5,[-30.0, 0.5],0.001,False,False,0.9911980882531202,96,43.31233099315103,9550.484,in_progress,0.0
333,25.0,0.8157637999220538,3.527375427019482,121.11419693854714,-30.0,0.5,[-30.0, 0.5],0.001,False,False,0.9911980882531202,96,43.31233099315103,9550.586,in_progress,0.0
333,26.0,0.8106496539752438,3.561275410331203,117.98746012481887,-30.0,0.5,[-30.0, 0.5],0.001,False,False,0.9911980882531202,96,43.31233099315103,9550.627,in_progress,0.0
333,27.0,0.808348990724462,3.5951769017260577,114.62043654957891,-30.0,0.5,[-30.0, 0.5],0.001,False,False,0.9733044282935421,96,43.31233099315103,9550.68,in_progress,0.0
333,28.0,0.8125585356288099,3.6356004600157044,109.76127567929807,-30.0,0.5,[-30.0, 0.5],0.001,True,False,0.9232498650283749,96,43.31233099315103,9550.75,off_track,0.0
334,1.0,-0.05702486297087811,1.4847107502154546,-125.1689935946986,-30.0,0.5,[-30.0, 0.5],0.0,False,True,0.32298328273983046,102,43.31233099315103,9550.91,prepare,0.0
334,2.0,-0.05679860341077397,1.4848883784562497,-125.15907155075473,-30.0,0.5,[-30.0, 0.5],3.100376108139074,False,True,0.322363345886556,102,43.31233099315103,9550.976,in_progress,0.0
334,3.0,-0.059590367460614385,1.483100312592407,-125.42181619863666,-30.0,0.5,[-30.0, 0.5],3.099244299510958,False,True,0.32921246302987095,102,43.31233099315103,9551.041,in_progress,0.0
334,4.0,-0.07631178580753906,1.4758925201767334,-127.79843706036347,-30.0,0.5,[-30.0, 0.5],3.08767130920923,False,True,0.3632938495207516,102,43.31233099315103,9551.09,in_progress,0.0
334,5.0,-0.1032127478954063,1.4678108268414973,-131.78906412609686,-30.0,0.5,[-30.0, 0.5],3.06424392162965,False,True,0.41115733863508197,102,43.31233099315103,9551.161,in_progress,0.0
334,6.0,-0.13331293763958302,1.4558800356648025,-135.26355932417945,-30.0,0.5,[-30.0, 0.5],3.041988018785335,False,True,0.47043779600247637,102,43.31233099315103,9551.237,in_progress,0.0
334,7.0,-0.17071409565491769,1.4445114303061826,-139.5361030374443,-30.0,0.5,[-30.0, 0.5],3.0096046165748556,False,True,0.5372461962152464,103,43.31233099315103,9551.299,in_progress,0.0
334,8.0,-0.2049082559842001,1.436256589323921,-143.37765920172484,-30.0,0.5,[-30.0, 0.5],2.9770737519653294,False,True,0.5940860614365717,103,43.31233099315103,9551.351,in_progress,0.0
334,9.0,-0.24050312974702165,1.4293937988588354,-147.13951595050364,-30.0,0.5,[-30.0, 0.5],2.9408458184570807,False,True,0.6498245653592805,103,43.31233099315103,9551.424,in_progress,0.0
334,10.0,-0.2840950654763448,1.4258834340594588,-152.02532058692313,-30.0,0.5,[-30.0, 0.5],2.8897841915856293,False,True,0.7083839825378191,103,43.31233099315103,9551.487,in_progress,0.0
334,11.0,-0.3180160362474322,1.4252051193460824,-155.71292663872106,-30.0,0.5,[-30.0, 0.5],2.847200793452553,False,True,0.749881731132751,103,43.31233099315103,9551.548,in_progress,0.0
334,12.0,-0.35949876905427497,1.4212876434094157,-158.87936358009307,-30.0,0.5,[-30.0, 0.5],2.799274797131462,False,True,0.8067514343496174,103,43.31233099315103,9551.623,in_progress,0.0
334,13.0,-0.3916096377181928,1.4203457622364188,-161.34140746675627,-30.0,0.5,[-30.0, 0.5],2.7593239869339135,False,True,0.8466289778991554,103,43.31233099315103,9551.696,in_progress,0.0
334,14.0,-0.4358222616623598,1.427895381797063,-166.32367471725667,-30.0,0.5,[-30.0, 0.5],2.692194466892948,False,True,0.8876973140476307,103,43.31233099315103,9551.761,in_progress,0.0
334,15.0,-0.4691981568843206,1.4347782455481,-169.85633788306572,-30.0,0.5,[-30.0, 0.5],0.001,False,True,0.9139558132352787,103,43.31233099315103,9551.813,in_progress,0.0
334,16.0,-0.512592467700984,1.448672727399786,-174.84727285359145,-30.0,0.5,[-30.0, 0.5],0.001,False,True,0.9383240222765599,103,43.31233099315103,9551.885,in_progress,0.0
334,17.0,-0.5485089942027979,1.46416921282996,-179.19456958281555,-30.0,0.5,[-30.0, 0.5],0.001,False,True,0.9505964910206166,103,43.31233099315103,9551.949,in_progress,0.0
334,18.0,-0.5770661963607382,1.4775662432468668,177.4774439563463,-30.0,0.5,[-30.0, 0.5],0.001,False,True,0.958228612388834,103,43.31233099315103,9552.026,in_progress,0.0
334,19.0,-0.6176908130166994,1.4966033717579414,173.43685838917108,-30.0,0.5,[-30.0, 0.5],0.001,False,True,0.9691274995497712,103,43.31233099315103,9552.095,in_progress,0.0
334,20.0,-0.6455366458896683,1.5141772957626363,170.04766332991738,-30.0,0.5,[-30.0, 0.5],0.001,False,True,0.9676567143234727,103,43.31233099315103,9552.177,in_progress,0.0
334,21.0,-0.6756657267501315,1.5387975326141778,165.48752393540624,-30.0,0.5,[-30.0, 0.5],0.001,False,True,0.9549894569964357,103,43.31233099315103,9552.244,in_progress,0.0
334,22.0,-0.7107982255237293,1.571882096516299,160.07298463575015,-30.0,0.5,[-30.0, 0.5],0.001,False,False,0.9315723209753934,103,43.31233099315103,9552.284,in_progress,0.0
334,23.0,-0.7339463675816926,1.5967988141164422,156.40332397923154,-30.0,0.5,[-30.0, 0.5],0.001,False,False,0.909982332032655,103,43.31233099315103,9552.348,in_progress,0.0
334,24.0,-0.7609324088930609,1.6256104984708926,152.7656317724902,-30.0,0.5,[-30.0, 0.5],0.001,False,False,0.8852794185708723,103,43.31233099315103,9552.431,in_progress,0.0
334,25.0,-0.7845258610627607,1.6522571033931412,149.64048790926918,-30.0,0.5,[-30.0, 0.5],0.001,False,False,0.8608030523952759,103,43.31233099315103,9552.485,in_progress,0.0
334,26.0,-0.8083397268264977,1.6876602256568207,145.42730237162854,-30.0,0.5,[-30.0, 0.5],0.001,False,False,0.8100333905710855,103,43.31233099315103,9552.55,in_progress,0.0
334,27.0,-0.8233980306149646,1.7168086446033937,141.75896513283885,-30.0,0.5,[-30.0, 0.5],0.001,True,False,0.7700782092260994,103,43.31233099315103,9552.64,off_track,0.0
335,1.0,-1.6024307446967154,0.03753179373840278,-150.84844412095552,-30.0,0.5,[-30.0, 0.5],0.0,False,True,0.323204712427394,109,43.31233099315103,9552.768,prepare,0.0
335,2.0,-1.6018496083909775,0.03728845441778561,-150.69553504429868,-30.0,0.5,[-30.0, 0.5],3.801455720820266,False,True,0.32233963869876536,109,43.31233099315103,9552.834,in_progress,0.0
335,3.0,-1.6089105404790687,0.03636774098632321,-151.3181421898191,-30.0,0.5,[-30.0, 0.5],3.8070928376844733,False,True,0.3374326174953701,109,43.31233099315103,9552.905,in_progress,0.0
335,4.0,-1.631838608377128,0.03526646570345758,-153.72036916881245,-30.0,0.5,[-30.0, 0.5],3.828388976181663,False,True,0.38421041709358894,110,43.31233099315103,9552.945,in_progress,0.0
335,5.0,-1.6577305257728177,0.03699790977713365,-156.9388403099207,-30.0,0.5,[-30.0, 0.5],3.857151343647483,False,True,0.43351918108839316,110,43.31233099315103,9553.029,in_progress,0.0
335,6.0,-1.691405581307147,0.04053331157516094,-160.8473658994467,-30.0,0.5,[-30.0, 0.5],3.896595807139463,False,True,0.4961334223019809,110,43.31233099315103,9553.087,in_progress,0.0
335,7.0,-1.7306599913501954,0.045602894728871364,-164.95504276216198,-30.0,0.5,[-30.0, 0.5],3.944082694394284,False,True,0.5680008936991721,110,43.31233099315103,9553.14,in_progress,0.0
335,8.0,-1.7721068143960808,0.05337223476382268,-169.28284346630326,-30.0,0.5,[-30.0, 0.5],3.9615883747771106,False,True,0.6410263669638483,110,43.31233099315103,9553.217,in_progress,0.0
335,9.0,-1.8093948160487858,0.06446839629824506,-173.52652040351103,-30.0,0.5,[-30.0, 0.5],3.910423998332396,False,True,0.7018715298226619,110,43.31233099315103,9553.299,in_progress,0.0
335,10.0,-1.8529586113822172,0.0772116040356319,-177.63039466799097,-30.0,0.5,[-30.0, 0.5],3.8510056113220386,False,True,0.7449548110385895,110,43.31233099315103,9553.346,in_progress,0.0
335,11.0,-1.8819212142234623,0.08238448605147372,-179.15433153640976,-30.0,0.5,[-30.0, 0.5],3.8169739468310997,False,True,0.7928892934001786,110,43.31233099315103,9553.436,in_progress,0.0
335,12.0,-1.9286309310381287,0.09374412759486904,178.0976913341508,-30.0,0.5,[-30.0, 0.5],3.757101512279054,False,True,0.866201747673101,110,43.31233099315103,9553.476,in_progress,0.0
335,13.0,-1.9705281873378766,0.11627715735986342,173.10894765156218,-30.0,0.5,[-30.0, 0.5],0.001,False,True,0.9156185570857955,110,43.31233099315103,9553.557,in_progress,0.0
335,14.0,-1.998788359679177,0.13546385344700468,169.30191685904748,-30.0,0.5,[-30.0, 0.5],0.001,False,True,0.9436710184964281,110,43.31233099315103,9553.621,in_progress,0.0
335,15.0,-2.031833955621524,0.16003198201797195,165.04571546968523,-30.0,0.5,[-30.0, 0.5],0.001,False,True,0.9736504917232991,110,43.31233099315103,9553.684,in_progress,0.0
335,16.0,-2.0585663218490184,0.1840227443674458,161.17106779113925,-30.0,0.5,[-30.0, 0.5],0.001,False,True,0.9924528260237486,110,43.31233099315103,9553.753,in_progress,0.0
335,17.0,-2.0852448180298397,0.20841418997540181,157.7045820757594,-30.0,0.5,[-30.0, 0.5],0.001,False,True,1.0106227863719397,110,43.31233099315103,9553.822,in_progress,0.0
335,18.0,-2.112845018476241,0.23236568527935467,154.94409155001333,-30.0,0.5,[-30.0, 0.5],0.001,False,True,1.0311186242972115,110,43.31233099315103,9553.88,in_progress,0.0
335,19.0,-2.13887666768562,0.2600159972111512,151.59724677078768,-30.0,0.5,[-30.0, 0.5],0.001,False,True,1.0437505430603733,110,43.31233099315103,9553.972,in_progress,0.0
335,20.0,-2.161085819565261,0.29477760863763397,146.79126075790347,-30.0,0.5,[-30.0, 0.5],0.001,False,True,1.0397372796842719,110,43.31233099315103,9554.025,in_progress,0.0
335,21.0,-2.1806346753798125,0.3343573135380544,141.44232093770887,-30.0,0.5,[-30.0, 0.5],0.001,False,True,1.0243132026274693,110,43.31233099315103,9554.095,in_progress,0.0
335,22.0,-2.1981210728804492,0.3709121180835937,137.2908779681367,-30.0,0.5,[-30.0, 0.5],0.001,False,False,1.0089927350187988,110,43.31233099315103,9554.176,in_progress,0.0
335,23.0,-2.2128783018986744,0.40515001947681095,133.69616375632975,-30.0,0.5,[-30.0, 0.5],0.001,False,False,0.9915774465877325,110,43.31233099315103,9554.228,in_progress,0.0
335,24.0,-2.224835511796196,0.44002340512618354,129.97443876546598,-30.0,0.5,[-30.0, 0.5],0.001,False,False,0.9680245561693335,110,43.31233099315103,9554.281,in_progress,0.0
335,25.0,-2.2320844222213068,0.47253988002376734,126.34470176531038,-30.0,0.5,[-30.0, 0.5],0.001,False,False,0.938686267348321,110,43.31233099315103,9554.359,in_progress,0.0
335,26.0,-2.2367687469632136,0.5044735620360962,122.70274777036332,-30.0,0.5,[-30.0, 0.5],0.001,False,False,0.9052686198269488,110,43.31233099315103,9554.42,in_progress,0.0
335,27.0,-2.238255800829059,0.5526933876475028,116.84824678657982,-30.0,0.5,[-30.0, 0.5],0.001,True,False,0.8442415225003219,110,43.31233099315103,9554.487,off_track,0.0
336,1.0,-3.52771773605339,-0.35458193709797203,139.42712485477887,-30.0,0.5,[-30.0, 0.5],0.0,False,True,0.3237637433743501,117,43.31233099315103,9554.624,prepare,0.0
336,2.0,-3.5277651924798183,-0.35499132910190906,139.5282178122255,-30.0,0.5,[-30.0, 0.5],3.2908636967201246,False,True,0.32323358450078166,117,43.31233099315103,9554.706,in_progress,0.0
336,3.0,-3.5296408903865717,-0.35051272436191316,139.04016711883295,-30.0,0.5,[-30.0, 0.5],3.29530578109374,False,True,0.3332395922241327,117,43.31233099315103,9554.748,in_progress,0.0
336,4.0,-3.5317235554312445,-0.33945573218145964,137.25190874063708,-30.0,0.5,[-30.0, 0.5],3.3092649769120124,False,True,0.3534674049531672,117,43.31233099315103,9554.801,in_progress,0.0
336,5.0,-3.535161028856264,-0.3165864804593515,133.64556858479523,-30.0,0.5,[-30.0, 0.5],3.339142346504427,False,True,0.3937764779742614,117,43.31233099315103,9554.887,in_progress,0.0
336,6.0,-3.544292352849815,-0.2859009793574816,130.19845384530925,-30.0,0.5,[-30.0, 0.5],3.373855952758757,False,True,0.4557994105671703,117,43.31233099315103,9554.972,in_progress,0.0
336,7.0,-3.5522426055404566,-0.2505599064484895,126.20540004339993,-30.0,0.5,[-30.0, 0.5],3.4169158068681433,False,True,0.5227247273064672,117,43.31233099315103,9555.016,in_progress,0.0
336,8.0,-3.5575834399679507,-0.21229457554203046,121.83023436800255,-30.0,0.5,[-30.0, 0.5],3.467334593323491,False,True,0.6402771286703413,117,43.31233099315103,9555.069,in_progress,0.0
336,9.0,-3.5650369337666468,-0.172559463681551,118.40583301393933,-30.0,0.5,[-30.0, 0.5],3.5057038695918656,False,True,0.7252102113601944,117,43.31233099315103,9555.174,in_progress,0.0
336,10.0,-3.57457707919063,-0.13463193011555266,116.15699761865402,-30.0,0.5,[-30.0, 0.5],3.534862290720537,False,True,0.8095023001696622,117,43.31233099315103,9555.243,in_progress,0.0
336,11.0,-3.57591370762161,-0.10198434149005123,113.00688501083681,-30.0,0.5,[-30.0, 0.5],3.5702791753393295,False,True,0.872925668230784,117,43.31233099315103,9555.312,in_progress,0.0
336,12.0,-3.5738540819765503,-0.06733449409516368,109.29676661511994,-30.0,0.5,[-30.0, 0.5],3.613059058145182,False,True,0.935617775178399,118,43.31233099315103,9555.348,in_progress,0.0
336,13.0,-3.56885373852501,-0.026463210507778445,104.98276502913984,-30.0,0.5,[-30.0, 0.5],3.5991503094542874,False,True,1.0061507848800888,118,43.31233099315103,9555.427,in_progress,0.0
336,14.0,-3.557950094468845,0.01576489343611713,99.9343986055699,-30.0,0.5,[-30.0, 0.5],3.663793885857534,False,True,1.0714030459777701,118,43.31233099315103,9555.493,in_progress,0.0
336,15.0,-3.546684092634863,0.04971686166622512,95.8709543878095,-30.0,0.5,[-30.0, 0.5],0.001,False,True,1.1205462855005455,118,43.31233099315103,9555.572,in_progress,0.0
336,16.0,-3.536464900413457,0.09183528867820318,92.46110172004435,-30.0,0.5,[-30.0, 0.5],0.001,False,True,1.1865007711872155,118,43.31233099315103,9555.621,in_progress,0.0
336,17.0,-3.528027886552238,0.11758628805818376,90.19783208484382,-30.0,0.5,[-30.0, 0.5],0.001,False,True,1.3600204625117684,118,43.31233099315103,9555.692,in_progress,0.0
336,18.0,-3.5113984967071814,0.15026411003291307,86.20937801372433,-30.0,0.5,[-30.0, 0.5],0.001,False,True,1.4135120500177623,118,43.31233099315103,9555.75,in_progress,0.0
336,19.0,-3.494061200213713,0.17833655483470334,82.44538380258835,-30.0,0.5,[-30.0, 0.5],0.001,False,True,1.4566172994818993,118,43.31233099315103,9555.835,in_progress,0.0
336,20.0,-3.467754542903372,0.21516429759160768,77.4971999804098,-30.0,0.5,[-30.0, 0.5],0.001,False,True,1.5098421839758847,118,43.31233099315103,9555.889,in_progress,0.0
336,21.0,-3.4411984700995095,0.24580871895959763,73.00736197336195,-30.0,0.5,[-30.0, 0.5],0.001,False,True,1.549776246362522,118,43.31233099315103,9555.967,in_progress,0.0
336,22.0,-3.420005821648727,0.26939049200074794,69.75830774706546,-30.0,0.5,[-30.0, 0.5],0.001,False,True,1.5798002738415362,118,43.31233099315103,9556.01,in_progress,0.0
336,23.0,-3.392746801802777,0.2972442934388296,65.96323310592011,-30.0,0.5,[-30.0, 0.5],0.001,False,True,1.6131850704500295,118,43.31233099315103,9556.089,in_progress,0.0
336,24.0,-3.3638742323301094,0.319301076012734,61.89922278044618,-30.0,0.5,[-30.0, 0.5],0.001,False,False,1.6328218694474539,119,43.31233099315103,9556.147,in_progress,0.0
336,25.0,-3.32863842952517,0.3415360503224666,56.991625185318924,-30.0,0.5,[-30.0, 0.5],0.001,False,False,1.64689695916439,119,43.31233099315103,9556.217,in_progress,0.0
336,26.0,-3.293363765559061,0.360264898430242,52.35214002875172,-30.0,0.5,[-30.0, 0.5],0.001,False,False,1.65353147049343,119,43.31233099315103,9556.307,in_progress,0.0
336,27.0,-3.2501199423910063,0.37828846698269597,46.99900915740881,-30.0,0.5,[-30.0, 0.5],0.001,False,False,1.6512399265782407,119,43.31233099315103,9556.376,in_progress,0.0
336,28.0,-3.2224258699459347,0.3905953793300564,44.16559957010906,-30.0,0.5,[-30.0, 0.5],0.001,False,False,1.6513864816623314,119,43.31233099315103,9556.435,in_progress,0.0
336,29.0,-3.193563758351026,0.4038649968578085,41.58047402384892,-30.0,0.5,[-30.0, 0.5],0.001,False,False,1.6524761121797127,119,43.31233099315103,9556.481,in_progress,0.0
336,30.0,-3.1536225240823814,0.4151578457364075,37.3214535032506,-30.0,0.5,[-30.0, 0.5],0.001,False,False,1.6390523847651384,119,43.31233099315103,9556.578,in_progress,0.0
336,31.0,-3.1181234000209486,0.42113048973156225,33.40949657849348,-30.0,0.5,[-30.0, 0.5],0.001,True,False,1.6185386041354555,118,43.31233099315103,9556.629,off_track,0.0
337,1.0,-3.5414351588970776,1.534028713545447,54.84438562495086,-30.0,0.5,[-30.0, 0.5],0.0,False,True,0.32337672615301294,124,43.31233099315103,9556.755,prepare,0.0
337,2.0,-3.5415893564366203,1.5340614125238086,54.865904454147724,-30.0,0.5,[-30.0, 0.5],3.8222640056575283,False,True,0.32323358450077055,124,43.31233099315103,9556.831,in_progress,0.0
337,3.0,-3.534238640214733,1.5383432776753758,54.00496409500911,-30.0,0.5,[-30.0, 0.5],3.810573464806694,False,True,0.34108535860183364,124,43.31233099315103,9556.885,in_progress,0.0
337,4.0,-3.5157802458914573,1.5463041434770026,51.492803156605234,-30.0,0.5,[-30.0, 0.5],3.7800892789328877,False,True,0.3806424849233436,124,43.31233099315103,9556.964,in_progress,0.0
337,5.0,-3.4897770142606253,1.556858867323227,48.13906465065561,-30.0,0.5,[-30.0, 0.5],0.001,False,True,0.4323042581208414,124,43.31233099315103,9557.019,in_progress,0.0
337,6.0,-3.4566065116028097,1.567917011018586,43.995130195446244,-30.0,0.5,[-30.0, 0.5],0.001,False,True,0.47542763316610337,124,43.31233099315103,9557.089,in_progress,0.0
337,7.0,-3.4208279144739353,1.579874714559864,40.18336310394311,-30.0,0.5,[-30.0, 0.5],0.001,False,True,0.5337012448645595,124,43.31233099315103,9557.171,in_progress,0.0
337,8.0,-3.3851665646079776,1.590411419034953,36.62699995837535,-30.0,0.5,[-30.0, 0.5],0.001,False,True,0.5888584730122215,124,43.31233099315103,9557.227,in_progress,0.0
337,9.0,-3.34981610705976,1.597137920166378,32.87848099905145,-30.0,0.5,[-30.0, 0.5],0.001,False,True,0.6356627838689399,124,43.31233099315103,9557.307,in_progress,0.0
337,10.0,-3.308090087965327,1.602028980559848,28.504469860078466,-30.0,0.5,[-30.0, 0.5],0.001,False,True,0.6844542715856439,124,43.31233099315103,9557.353,in_progress,0.0
337,11.0,-3.2715705322386577,1.6083999714396067,25.68940235828354,-30.0,0.5,[-30.0, 0.5],0.001,False,True,0.7315828723748918,124,43.31233099315103,9557.44,in_progress,0.0
337,12.0,-3.2264089449502,1.616693385739921,22.88935527990537,-30.0,0.5,[-30.0, 0.5],0.001,False,True,0.7907421768622469,125,43.31233099315103,9557.491,in_progress,0.0
337,13.0,-3.1925188633546275,1.6154602724294422,19.495871106250465,-30.0,0.5,[-30.0, 0.5],0.001,False,True,0.8193500369715889,125,43.31233099315103,9557.563,in_progress,0.0
337,14.0,-3.1532199805333168,1.6093158863919075,14.945760753429909,-30.0,0.5,[-30.0, 0.5],0.001,False,True,0.8425427201158575,125,43.31233099315103,9557.628,in_progress,0.0
337,15.0,-3.108066124627361,1.6013389459916638,10.400491804983272,-30.0,0.5,[-30.0, 0.5],0.001,False,True,0.8672491412434424,125,43.31233099315103,9557.692,in_progress,0.0
337,16.0,-3.0661796830854406,1.5888688318787798,5.813355192807875,-30.0,0.5,[-30.0, 0.5],0.001,False,True,0.8794332828094609,125,43.31233099315103,9557.762,in_progress,0.0
337,17.0,-3.032630526113036,1.577611517153432,2.2898369395673766,-30.0,0.5,[-30.0, 0.5],0.001,False,True,0.8865049843633566,125,43.31233099315103,9557.821,in_progress,0.0
337,18.0,-3.0051614950594177,1.5684519889344666,-0.1794101357048761,-30.0,0.5,[-30.0, 0.5],0.001,False,True,0.8924170638872408,125,43.31233099315103,9557.899,in_progress,0.0
337,19.0,-2.9670377755962725,1.5513711759709243,-4.127359099037448,-30.0,0.5,[-30.0, 0.5],0.001,False,True,0.8913738531507787,125,43.31233099315103,9557.949,in_progress,0.0
337,20.0,-2.9316258834631586,1.5283483358914536,-8.978486836608925,-30.0,0.5,[-30.0, 0.5],0.001,False,True,0.8752528028598494,125,43.31233099315103,9558.009,in_progress,0.0
337,21.0,-2.902701870494231,1.506196237973727,-13.16488170745234,-30.0,0.5,[-30.0, 0.5],0.001,False,False,0.8549987611673582,125,43.31233099315103,9558.078,in_progress,0.0
337,22.0,-2.8723951934126615,1.481712567497524,-17.160631864571023,-30.0,0.5,[-30.0, 0.5],0.001,False,False,0.8310822431423892,125,43.31233099315103,9558.158,in_progress,0.0
337,23.0,-2.840472980893833,1.4545704609247636,-20.965756800407938,-30.0,0.5,[-30.0, 0.5],0.001,False,False,0.8030257638174332,125,43.31233099315103,9558.221,in_progress,0.0
337,24.0,-2.8158040344024395,1.4316477728890258,-24.040988690000926,-30.0,0.5,[-30.0, 0.5],0.001,False,False,0.7772206832370121,124,43.31233099315103,9558.283,in_progress,0.0
337,25.0,-2.7905022656288954,1.4026751227547385,-27.8511973626401,-30.0,0.5,[-30.0, 0.5],0.001,False,False,0.7391902404977668,124,43.31233099315103,9558.371,in_progress,0.0
337,26.0,-2.770165845511162,1.3735966697636632,-31.661698740709237,-30.0,0.5,[-30.0, 0.5],0.001,False,False,0.6963618821222761,124,43.31233099315103,9558.438,in_progress,0.0
337,27.0,-2.749395329418531,1.3349829430578364,-36.884768596321095,-30.0,0.5,[-30.0, 0.5],0.001,True,False,0.6337463922226783,124,43.31233099315103,9558.491,off_track,0.0
338,1.0,-4.20562855388125,3.0795564986830355,172.53414637434653,-30.0,0.5,[-30.0, 0.5],0.0,False,True,0.32340182364389847,131,43.31233099315103,9558.631,prepare,0.0
338,2.0,-4.205575012533524,3.0793565857797054,172.58614789158156,-30.0,0.5,[-30.0, 0.5],3.4535012409011925,False,True,0.32320512002860236,131,43.31233099315103,9558.683,in_progress,0.0
338,3.0,-4.213442737511082,3.083535000427202,171.88299766837727,-30.0,0.5,[-30.0, 0.5],3.4521516631463287,False,True,0.3426923022356476,131,43.31233099315103,9558.741,in_progress,0.0
338,4.0,-4.2245175003462485,3.091625373360245,170.26929493520714,-30.0,0.5,[-30.0, 0.5],3.4464491085541615,False,True,0.3709483585487172,131,43.31233099315103,9558.817,in_progress,0.0
338,5.0,-4.241444400184966,3.110998254415682,166.23588342179374,-30.0,0.5,[-30.0, 0.5],3.423403285760516,False,True,0.4167545087065405,131,43.31233099315103,9558.899,in_progress,0.0
338,6.0,-4.270424202194539,3.1372731957994753,161.89477222384127,-30.0,0.5,[-30.0, 0.5],3.3872028668092393,False,True,0.49260113789006965,131,43.31233099315103,9558.959,in_progress,0.0
338,7.0,-4.29749438973919,3.164286587605721,157.7681153383088,-30.0,0.5,[-30.0, 0.5],3.3488585094328283,False,True,0.5643729738365799,131,43.31233099315103,9559.028,in_progress,0.0
338,8.0,-4.323837871573137,3.1957905454301034,153.20090138145073,-30.0,0.5,[-30.0, 0.5],3.3019859201871156,False,True,0.6361674560551478,132,43.31233099315103,9559.089,in_progress,0.0
338,9.0,-4.344137608861364,3.222043541809179,149.78800467371994,-30.0,0.5,[-30.0, 0.5],3.2622399274973266,False,True,0.6922295761224384,132,43.31233099315103,9559.168,in_progress,0.0
338,10.0,-4.3730450280428075,3.253384569426263,146.85271572925035,-30.0,0.5,[-30.0, 0.5],3.125948622856544,False,True,0.7698047341937464,132,43.31233099315103,9559.21,in_progress,0.0
338,11.0,-4.396789369600649,3.2835852369402136,143.99427607217453,-30.0,0.5,[-30.0, 0.5],3.080366377100344,False,True,0.8351903376689451,132,43.31233099315103,9559.295,in_progress,0.0
338,12.0,-4.414126877027171,3.315450663938081,140.25148321367044,-30.0,0.5,[-30.0, 0.5],3.0291020569916247,False,True,0.8866010719075335,132,43.31233099315103,9559.365,in_progress,0.0
338,13.0,-4.4298091313634185,3.3525945976740954,135.85437717675154,-30.0,0.5,[-30.0, 0.5],0.001,False,True,0.936213379546802,132,43.31233099315103,9559.417,in_progress,0.0
338,14.0,-4.441251566011307,3.3911119879291065,131.17459047573337,-30.0,0.5,[-30.0, 0.5],0.001,False,True,0.966360926664922,132,43.31233099315103,9559.487,in_progress,0.0
338,15.0,-4.449525804661595,3.4310013595107667,126.41657048994465,-30.0,0.5,[-30.0, 0.5],0.001,False,True,0.966360926664922,132,43.31233099315103,9559.551,in_progress,0.0
338,16.0,-4.456756055036173,3.4652741405719403,122.91119337180044,-30.0,0.5,[-30.0, 0.5],0.001,False,True,0.966360926664922,132,43.31233099315103,9559.624,in_progress,0.0
338,17.0,-4.464558223170627,3.49992105014763,120.01620375845658,-30.0,0.5,[-30.0, 0.5],0.001,False,True,0.9824249736614887,132,43.31233099315103,9559.691,in_progress,0.0
338,18.0,-4.468110454779017,3.536456399721406,116.4385825006717,-30.0,0.5,[-30.0, 0.5],0.001,False,True,0.9957248834159493,132,43.31233099315103,9559.769,in_progress,0.0
338,19.0,-4.467521095484725,3.5841310822022794,111.29124810259471,-30.0,0.5,[-30.0, 0.5],0.001,False,True,1.001039310636398,132,43.31233099315103,9559.829,in_progress,0.0
338,20.0,-4.4624799718086905,3.6197951824225134,107.09167312627217,-30.0,0.5,[-30.0, 0.5],0.001,False,True,0.9944133318327553,132,43.31233099315103,9559.902,in_progress,0.0
338,21.0,-4.45200122583968,3.6662733979762576,101.60245538034584,-30.0,0.5,[-30.0, 0.5],0.001,False,True,0.9767695636703544,132,43.31233099315103,9559.959,in_progress,0.0
338,22.0,-4.444992302374218,3.6952035452663305,98.57139440441856,-30.0,0.5,[-30.0, 0.5],0.001,False,False,0.966360926664922,132,43.31233099315103,9560.021,in_progress,0.0
338,23.0,-4.436624928740785,3.7249886973932798,95.47518059262757,-30.0,0.5,[-30.0, 0.5],0.001,False,False,0.966360926664922,132,43.31233099315103,9560.089,in_progress,0.0
338,24.0,-4.420657156899636,3.7630307539702663,90.93223746634953,-30.0,0.5,[-30.0, 0.5],0.001,False,False,0.966360926664922,132,43.31233099315103,9560.168,in_progress,0.0
338,25.0,-4.4066318258886925,3.791122176175786,87.44647857318112,-30.0,0.5,[-30.0, 0.5],0.001,False,False,0.966360926664922,132,43.31233099315103,9560.242,in_progress,0.0
338,26.0,-4.382347004689183,3.829194576653313,82.10447411672475,-30.0,0.5,[-30.0, 0.5],0.001,False,False,0.966360926664922,132,43.31233099315103,9560.288,in_progress,0.0
338,27.0,-4.356932897570489,3.8618199077463533,77.20260630652552,-30.0,0.5,[-30.0, 0.5],0.001,False,False,0.960497407768568,132,43.31233099315103,9560.366,in_progress,0.0
338,28.0,-4.333722308068443,3.8908034434047303,73.37498109008048,-30.0,0.5,[-30.0, 0.5],0.001,True,False,0.9184479004677337,132,43.31233099315103,9560.426,off_track,0.0
339,1.0,-6.307390772847936,2.773741607902411,-155.79040639593427,-30.0,0.5,[-30.0, 0.5],0.0,False,True,0.3216418373887975,138,43.31233099315103,9560.569,prepare,0.0
339,2.0,-6.306351715486798,2.773367943503743,-155.58734618816268,-30.0,0.5,[-30.0, 0.5],3.0467240612223243,False,True,0.32005142132489617,138,43.31233099315103,9560.627,in_progress,0.0
339,3.0,-6.314021008834446,2.773637860252367,-156.39682239030762,-30.0,0.5,[-30.0, 0.5],3.0368073403272478,False,True,0.33480236482144043,138,43.31233099315103,9560.711,in_progress,0.0
339,4.0,-6.332496601371229,2.777273183544144,-159.03578846434888,-30.0,0.5,[-30.0, 0.5],3.0086271392483352,False,True,0.36672419352771213,138,43.31233099315103,9560.755,in_progress,0.0
339,5.0,-6.358820661013349,2.7795719136984416,-161.8366195449287,-30.0,0.5,[-30.0, 0.5],2.972517249739056,False,True,0.4156940378041152,138,43.31233099315103,9560.842,in_progress,0.0
339,6.0,-6.396126568316143,2.785379907418213,-165.89269787676122,-30.0,0.5,[-30.0, 0.5],2.917555535240182,False,True,0.48200574122153617,139,43.31233099315103,9560.88,in_progress,0.0
339,7.0,-6.425473866596275,2.790144373991093,-168.74325506765155,-30.0,0.5,[-30.0, 0.5],2.691447858358612,False,True,0.5339342338697262,139,43.31233099315103,9560.965,in_progress,0.0
339,8.0,-6.459036332265929,2.7920959195004573,-170.76530707111291,-30.0,0.5,[-30.0, 0.5],0.001,False,True,0.5975549591893059,139,43.31233099315103,9561.03,in_progress,0.0
339,9.0,-6.503661298822613,2.8015511973313645,-174.54500712153134,-30.0,0.5,[-30.0, 0.5],0.001,False,True,0.6738404557997457,139,43.31233099315103,9561.099,in_progress,0.0
339,10.0,-6.529443665725146,2.811282637254622,-177.49882599843804,-30.0,0.5,[-30.0, 0.5],0.001,False,True,0.7127474017487812,139,43.31233099315103,9561.15,in_progress,0.0
339,11.0,-6.566710757054637,2.826597027176709,178.4991498123117,-30.0,0.5,[-30.0, 0.5],0.001,False,True,0.7674744768573216,139,43.31233099315103,9561.222,in_progress,0.0
339,12.0,-6.599750038090475,2.8443494437288552,174.4807649032851,-30.0,0.5,[-30.0, 0.5],0.001,False,True,0.8109383057718245,139,43.31233099315103,9561.279,in_progress,0.0
339,13.0,-6.637964792544471,2.869136291561544,169.60445395236025,-30.0,0.5,[-30.0, 0.5],0.001,False,True,0.8271804387936177,139,43.31233099315103,9561.358,in_progress,0.0
339,14.0,-6.668193462651476,2.887154376456565,166.6444277140594,-30.0,0.5,[-30.0, 0.5],0.001,False,True,0.8271804387936177,139,43.31233099315103,9561.429,in_progress,0.0
339,15.0,-6.70357724168042,2.906571276362163,164.16865565524847,-30.0,0.5,[-30.0, 0.5],0.001,False,True,0.8271804387936177,139,43.31233099315103,9561.498,in_progress,0.0
339,16.0,-6.731098314236244,2.928676916632688,160.97395424626333,-30.0,0.5,[-30.0, 0.5],0.001,False,True,0.8271804387936177,139,43.31233099315103,9561.557,in_progress,0.0
339,17.0,-6.759542413789245,2.9601460636420214,156.0597240196315,-30.0,0.5,[-30.0, 0.5],0.001,False,True,0.8271804387936177,139,43.31233099315103,9561.627,in_progress,0.0
339,18.0,-6.786559825037926,2.992304266132652,151.73083030927683,-30.0,0.5,[-30.0, 0.5],0.001,False,True,0.8271804387936177,139,43.31233099315103,9561.67,in_progress,0.0
339,19.0,-6.809207644832642,3.0247361033040088,147.59459445808966,-30.0,0.5,[-30.0, 0.5],0.001,False,True,0.8271804387936177,139,43.31233099315103,9561.752,in_progress,0.0
339,20.0,-6.826693069098088,3.052610706579292,144.28232840236913,-30.0,0.5,[-30.0, 0.5],0.001,False,True,0.8271804387936177,139,43.31233099315103,9561.845,in_progress,0.0
339,21.0,-6.846136587599619,3.0861182129984144,140.49426021447073,-30.0,0.5,[-30.0, 0.5],0.001,False,False,0.8271804387936177,139,43.31233099315103,9561.895,in_progress,0.0
339,22.0,-6.859227218782915,3.1152274680231398,137.12111117719255,-30.0,0.5,[-30.0, 0.5],0.001,False,False,0.8271804387936177,139,43.31233099315103,9561.979,in_progress,0.0
339,23.0,-6.871796188971146,3.1512059267736388,132.89203213057948,-30.0,0.5,[-30.0, 0.5],0.001,False,False,0.8271804387936177,139,43.31233099315103,9562.035,in_progress,0.0
339,24.0,-6.882945155331939,3.196647449609387,127.50236238479091,-30.0,0.5,[-30.0, 0.5],0.001,False,False,0.8271804387936177,139,43.31233099315103,9562.09,in_progress,0.0
339,25.0,-6.890197805223975,3.2351653062425436,123.33564580179659,-30.0,0.5,[-30.0, 0.5],0.001,False,False,0.8271804387936177,139,43.31233099315103,9562.169,in_progress,0.0
339,26.0,-6.898135311877856,3.276488072625598,119.60892857774228,-30.0,0.5,[-30.0, 0.5],0.001,False,False,0.8271804387936177,139,43.31233099315103,9562.204,in_progress,0.0
339,27.0,-6.905436278539442,3.3085819192675556,117.31692894873116,-30.0,0.5,[-30.0, 0.5],0.001,True,False,0.8271804387936177,139,43.31233099315103,9562.291,off_track,0.0
